date,year,month,month_name,season,day_of_week,is_weekend,temp_c,pm25,pm10,wind_speed_ms,aqi_category
2019-01-01,2019,1,January,Winter,Tuesday,No,-20.0,344.5,486.6,3.1,Hazardous
2019-01-02,2019,1,January,Winter,Wednesday,No,-18.0,205.9,292.9,3.7,Very Unhealthy
2019-01-03,2019,1,January,Winter,Thursday,No,-21.0,247.0,393.9,1.8,Very Unhealthy
2019-01-04,2019,1,January,Winter,Friday,No,-25.0,297.8,472.6,0.6,Hazardous
2019-01-05,2019,1,January,Winter,Saturday,Yes,-26.6,224.4,389.6,1.5,Very Unhealthy
2019-01-06,2019,1,January,Winter,Sunday,Yes,-18.2,332.2,453.0,1.0,Hazardous
2019-01-07,2019,1,January,Winter,Monday,No,-18.7,242.6,380.6,2.9,Very Unhealthy
2019-01-08,2019,1,January,Winter,Tuesday,No,-18.5,224.6,338.1,2.0,Very Unhealthy
2019-01-09,2019,1,January,Winter,Wednesday,No,-23.8,285.3,401.2,3.8,Hazardous
2019-01-10,2019,1,January,Winter,Thursday,No,-18.4,462.8,636.5,5.3,Hazardous
2019-01-11,2019,1,January,Winter,Friday,No,-17.3,306.7,472.0,3.3,Hazardous
2019-01-12,2019,1,January,Winter,Saturday,Yes,-24.6,393.3,598.2,1.1,Hazardous
2019-01-13,2019,1,January,Winter,Sunday,Yes,-27.7,325.0,471.2,6.6,Hazardous
2019-01-14,2019,1,January,Winter,Monday,No,-24.1,233.6,396.8,5.5,Very Unhealthy
2019-01-15,2019,1,January,Winter,Tuesday,No,-16.5,384.7,536.3,1.8,Hazardous
2019-01-16,2019,1,January,Winter,Wednesday,No,-27.9,514.0,718.5,1.8,Hazardous
2019-01-17,2019,1,January,Winter,Thursday,No,-22.6,318.0,475.6,2.5,Hazardous
2019-01-18,2019,1,January,Winter,Friday,No,-28.7,401.1,586.2,2.5,Hazardous
2019-01-19,2019,1,January,Winter,Saturday,Yes,-24.3,286.5,414.5,5.4,Hazardous
2019-01-20,2019,1,January,Winter,Sunday,Yes,-19.0,379.0,592.9,6.3,Hazardous
2019-01-21,2019,1,January,Winter,Monday,No,-24.0,420.2,681.2,2.5,Hazardous
2019-01-22,2019,1,January,Winter,Tuesday,No,-23.5,307.5,530.3,6.9,Hazardous
2019-01-23,2019,1,January,Winter,Wednesday,No,-25.1,374.9,544.8,5.1,Hazardous
2019-01-24,2019,1,January,Winter,Thursday,No,-19.9,316.6,470.3,4.3,Hazardous
2019-01-25,2019,1,January,Winter,Friday,No,-19.9,386.6,621.2,3.0,Hazardous
2019-01-26,2019,1,January,Winter,Saturday,Yes,-18.6,258.1,415.7,3.5,Hazardous
2019-01-27,2019,1,January,Winter,Sunday,Yes,-25.9,282.8,455.3,3.4,Hazardous
2019-01-28,2019,1,January,Winter,Monday,No,-18.2,211.5,367.8,1.2,Very Unhealthy
2019-01-29,2019,1,January,Winter,Tuesday,No,-20.9,384.1,607.2,0.6,Hazardous
2019-01-30,2019,1,January,Winter,Wednesday,No,-22.1,422.6,733.9,4.2,Hazardous
2019-01-31,2019,1,January,Winter,Thursday,No,-23.8,300.4,443.6,2.9,Hazardous
2019-02-01,2019,2,February,Winter,Friday,No,-18.7,347.9,607.4,1.2,Hazardous
2019-02-02,2019,2,February,Winter,Saturday,Yes,-9.5,344.4,561.7,0.7,Hazardous
2019-02-03,2019,2,February,Winter,Sunday,Yes,-17.5,356.5,552.8,4.6,Hazardous
2019-02-04,2019,2,February,Winter,Monday,No,-8.4,388.9,577.6,1.3,Hazardous
2019-02-05,2019,2,February,Winter,Tuesday,No,-14.7,185.8,294.7,3.3,Very Unhealthy
2019-02-06,2019,2,February,Winter,Wednesday,No,-17.3,300.4,431.5,1.3,Hazardous
2019-02-07,2019,2,February,Winter,Thursday,No,-12.8,344.3,599.2,4.5,Hazardous
2019-02-08,2019,2,February,Winter,Friday,No,-9.5,248.1,342.7,3.6,Very Unhealthy
2019-02-09,2019,2,February,Winter,Saturday,Yes,-10.2,243.9,399.0,0.5,Very Unhealthy
2019-02-10,2019,2,February,Winter,Sunday,Yes,-12.2,361.3,523.6,5.8,Hazardous
2019-02-11,2019,2,February,Winter,Monday,No,-16.5,317.1,488.2,4.3,Hazardous
2019-02-12,2019,2,February,Winter,Tuesday,No,-26.7,222.8,336.3,6.8,Very Unhealthy
2019-02-13,2019,2,February,Winter,Wednesday,No,-8.4,306.9,495.2,2.5,Hazardous
2019-02-14,2019,2,February,Winter,Thursday,No,-12.9,204.7,353.3,0.3,Very Unhealthy
2019-02-15,2019,2,February,Winter,Friday,No,-8.6,293.0,508.2,3.8,Hazardous
2019-02-16,2019,2,February,Winter,Saturday,Yes,-12.6,208.1,351.3,1.5,Very Unhealthy
2019-02-17,2019,2,February,Winter,Sunday,Yes,-15.1,343.3,502.2,3.9,Hazardous
2019-02-18,2019,2,February,Winter,Monday,No,-10.7,416.6,624.4,1.4,Hazardous
2019-02-19,2019,2,February,Winter,Tuesday,No,-9.1,396.8,552.0,4.4,Hazardous
2019-02-20,2019,2,February,Winter,Wednesday,No,-8.5,270.9,407.9,2.0,Hazardous
2019-02-21,2019,2,February,Winter,Thursday,No,-16.2,364.2,534.4,9.1,Hazardous
2019-02-22,2019,2,February,Winter,Friday,No,-9.1,382.4,530.2,1.4,Hazardous
2019-02-23,2019,2,February,Winter,Saturday,Yes,-13.7,268.6,378.0,1.9,Hazardous
2019-02-24,2019,2,February,Winter,Sunday,Yes,-17.0,225.7,311.3,3.7,Very Unhealthy
2019-02-25,2019,2,February,Winter,Monday,No,-10.2,199.8,334.7,0.6,Very Unhealthy
2019-02-26,2019,2,February,Winter,Tuesday,No,-16.6,350.8,533.1,2.0,Hazardous
2019-02-27,2019,2,February,Winter,Wednesday,No,-13.7,330.3,523.0,4.3,Hazardous
2019-02-28,2019,2,February,Winter,Thursday,No,-19.5,348.9,605.4,3.0,Hazardous
2019-03-01,2019,3,March,Spring,Friday,No,-3.7,142.4,228.1,3.6,Unhealthy
2019-03-02,2019,3,March,Spring,Saturday,Yes,4.9,133.7,228.7,9.6,Unhealthy
2019-03-03,2019,3,March,Spring,Sunday,Yes,-7.0,84.4,133.6,1.6,Unhealthy
2019-03-04,2019,3,March,Spring,Monday,No,-2.4,134.0,224.5,1.1,Unhealthy
2019-03-05,2019,3,March,Spring,Tuesday,No,-1.8,152.4,262.6,8.0,Very Unhealthy
2019-03-06,2019,3,March,Spring,Wednesday,No,1.0,180.6,254.7,6.1,Very Unhealthy
2019-03-07,2019,3,March,Spring,Thursday,No,-4.2,140.2,204.6,2.5,Unhealthy
2019-03-08,2019,3,March,Spring,Friday,No,-3.5,176.6,270.2,3.9,Very Unhealthy
2019-03-09,2019,3,March,Spring,Saturday,Yes,-3.2,110.2,178.4,0.6,Unhealthy
2019-03-10,2019,3,March,Spring,Sunday,Yes,1.4,170.2,265.2,2.7,Very Unhealthy
2019-03-11,2019,3,March,Spring,Monday,No,4.5,200.8,303.5,4.0,Very Unhealthy
2019-03-12,2019,3,March,Spring,Tuesday,No,1.8,115.4,173.9,0.4,Unhealthy
2019-03-13,2019,3,March,Spring,Wednesday,No,-4.8,145.9,242.7,7.2,Unhealthy
2019-03-14,2019,3,March,Spring,Thursday,No,-9.2,158.7,243.4,2.4,Very Unhealthy
2019-03-15,2019,3,March,Spring,Friday,No,-12.0,149.4,216.0,3.3,Unhealthy
2019-03-16,2019,3,March,Spring,Saturday,Yes,-7.5,117.3,189.7,4.8,Unhealthy
2019-03-17,2019,3,March,Spring,Sunday,Yes,-5.8,94.2,130.5,2.3,Unhealthy
2019-03-18,2019,3,March,Spring,Monday,No,-7.9,141.5,193.3,2.6,Unhealthy
2019-03-19,2019,3,March,Spring,Tuesday,No,-6.5,178.7,307.1,2.3,Very Unhealthy
2019-03-20,2019,3,March,Spring,Wednesday,No,-4.6,155.7,233.3,1.5,Very Unhealthy
2019-03-21,2019,3,March,Spring,Thursday,No,-9.8,147.1,242.6,3.8,Unhealthy
2019-03-22,2019,3,March,Spring,Friday,No,-2.5,138.4,216.3,1.1,Unhealthy
2019-03-23,2019,3,March,Spring,Saturday,Yes,-6.7,74.8,110.6,1.4,Unhealthy
2019-03-24,2019,3,March,Spring,Sunday,Yes,-8.0,197.4,328.8,4.6,Very Unhealthy
2019-03-25,2019,3,March,Spring,Monday,No,-3.4,135.6,223.5,1.0,Unhealthy
2019-03-26,2019,3,March,Spring,Tuesday,No,-4.5,131.2,195.8,0.7,Unhealthy
2019-03-27,2019,3,March,Spring,Wednesday,No,-1.5,94.8,135.1,1.7,Unhealthy
2019-03-28,2019,3,March,Spring,Thursday,No,-3.5,118.6,206.7,2.1,Unhealthy
2019-03-29,2019,3,March,Spring,Friday,No,-7.3,166.8,236.6,4.3,Very Unhealthy
2019-03-30,2019,3,March,Spring,Saturday,Yes,-3.3,149.6,218.7,1.4,Unhealthy
2019-03-31,2019,3,March,Spring,Sunday,Yes,-1.4,109.7,153.1,2.6,Unhealthy
2019-04-01,2019,4,April,Spring,Monday,No,8.3,34.3,52.9,1.4,Moderate
2019-04-02,2019,4,April,Spring,Tuesday,No,5.9,41.7,60.5,1.5,Unhealthy for Sensitive Groups
2019-04-03,2019,4,April,Spring,Wednesday,No,7.8,62.7,95.0,3.8,Unhealthy
2019-04-04,2019,4,April,Spring,Thursday,No,4.9,84.6,146.0,1.5,Unhealthy
2019-04-05,2019,4,April,Spring,Friday,No,6.1,60.9,102.7,3.2,Unhealthy
2019-04-06,2019,4,April,Spring,Saturday,Yes,4.1,40.5,65.5,1.8,Unhealthy for Sensitive Groups
2019-04-07,2019,4,April,Spring,Sunday,Yes,9.2,49.7,83.3,0.3,Unhealthy for Sensitive Groups
2019-04-08,2019,4,April,Spring,Monday,No,1.7,47.4,68.4,7.4,Unhealthy for Sensitive Groups
2019-04-09,2019,4,April,Spring,Tuesday,No,9.0,65.1,104.1,0.6,Unhealthy
2019-04-10,2019,4,April,Spring,Wednesday,No,10.3,76.9,131.3,10.0,Unhealthy
2019-04-11,2019,4,April,Spring,Thursday,No,3.9,41.5,68.4,2.6,Unhealthy for Sensitive Groups
2019-04-12,2019,4,April,Spring,Friday,No,3.8,84.0,117.1,1.6,Unhealthy
2019-04-13,2019,4,April,Spring,Saturday,Yes,4.6,66.3,93.5,4.3,Unhealthy
2019-04-14,2019,4,April,Spring,Sunday,Yes,2.0,66.0,95.7,8.2,Unhealthy
2019-04-15,2019,4,April,Spring,Monday,No,-1.4,62.4,107.9,3.1,Unhealthy
2019-04-16,2019,4,April,Spring,Tuesday,No,1.2,64.2,104.6,4.2,Unhealthy
2019-04-17,2019,4,April,Spring,Wednesday,No,2.5,64.1,102.1,7.0,Unhealthy
2019-04-18,2019,4,April,Spring,Thursday,No,3.7,73.8,128.7,2.3,Unhealthy
2019-04-19,2019,4,April,Spring,Friday,No,5.9,68.0,102.7,2.2,Unhealthy
2019-04-20,2019,4,April,Spring,Saturday,Yes,4.0,28.6,44.8,0.5,Moderate
2019-04-21,2019,4,April,Spring,Sunday,Yes,0.5,61.7,94.5,2.0,Unhealthy
2019-04-22,2019,4,April,Spring,Monday,No,-0.3,32.0,54.9,2.4,Moderate
2019-04-23,2019,4,April,Spring,Tuesday,No,13.1,35.1,56.7,2.0,Moderate
2019-04-24,2019,4,April,Spring,Wednesday,No,1.3,101.1,139.2,2.6,Unhealthy
2019-04-25,2019,4,April,Spring,Thursday,No,6.5,41.8,59.6,2.4,Unhealthy for Sensitive Groups
2019-04-26,2019,4,April,Spring,Friday,No,3.5,34.2,53.3,6.7,Moderate
2019-04-27,2019,4,April,Spring,Saturday,Yes,10.7,32.4,46.1,0.6,Moderate
2019-04-28,2019,4,April,Spring,Sunday,Yes,2.6,55.8,75.9,5.9,Unhealthy
2019-04-29,2019,4,April,Spring,Monday,No,8.6,29.6,41.2,1.6,Moderate
2019-04-30,2019,4,April,Spring,Tuesday,No,7.7,43.2,70.8,1.8,Unhealthy for Sensitive Groups
2019-05-01,2019,5,May,Spring,Wednesday,No,11.9,34.5,49.4,3.8,Moderate
2019-05-02,2019,5,May,Spring,Thursday,No,12.1,13.5,20.5,0.8,Moderate
2019-05-03,2019,5,May,Spring,Friday,No,11.3,20.2,30.3,0.5,Moderate
2019-05-04,2019,5,May,Spring,Saturday,Yes,15.8,17.9,26.3,7.4,Moderate
2019-05-05,2019,5,May,Spring,Sunday,Yes,11.2,35.9,55.5,2.7,Unhealthy for Sensitive Groups
2019-05-06,2019,5,May,Spring,Monday,No,13.9,11.5,18.4,0.4,Good
2019-05-07,2019,5,May,Spring,Tuesday,No,14.0,40.9,63.8,1.6,Unhealthy for Sensitive Groups
2019-05-08,2019,5,May,Spring,Wednesday,No,10.2,39.9,58.2,1.0,Unhealthy for Sensitive Groups
2019-05-09,2019,5,May,Spring,Thursday,No,17.5,17.6,23.8,3.0,Moderate
2019-05-10,2019,5,May,Spring,Friday,No,17.3,26.8,41.7,0.8,Moderate
2019-05-11,2019,5,May,Spring,Saturday,Yes,15.4,11.4,18.1,1.5,Good
2019-05-12,2019,5,May,Spring,Sunday,Yes,7.7,18.4,29.0,5.1,Moderate
2019-05-13,2019,5,May,Spring,Monday,No,15.3,34.1,49.0,1.5,Moderate
2019-05-14,2019,5,May,Spring,Tuesday,No,13.8,32.0,44.6,1.4,Moderate
2019-05-15,2019,5,May,Spring,Wednesday,No,13.2,36.7,55.9,4.1,Unhealthy for Sensitive Groups
2019-05-16,2019,5,May,Spring,Thursday,No,11.1,34.0,50.8,0.5,Moderate
2019-05-17,2019,5,May,Spring,Friday,No,13.0,17.1,26.8,3.3,Moderate
2019-05-18,2019,5,May,Spring,Saturday,Yes,15.8,30.7,44.5,3.5,Moderate
2019-05-19,2019,5,May,Spring,Sunday,Yes,15.1,15.1,23.8,0.9,Moderate
2019-05-20,2019,5,May,Spring,Monday,No,17.6,41.0,69.5,4.1,Unhealthy for Sensitive Groups
2019-05-21,2019,5,May,Spring,Tuesday,No,17.1,11.2,17.8,1.7,Good
2019-05-22,2019,5,May,Spring,Wednesday,No,12.1,35.7,49.1,1.1,Unhealthy for Sensitive Groups
2019-05-23,2019,5,May,Spring,Thursday,No,19.1,20.9,33.4,3.1,Moderate
2019-05-24,2019,5,May,Spring,Friday,No,16.9,11.3,19.5,5.2,Good
2019-05-25,2019,5,May,Spring,Saturday,Yes,11.3,26.2,41.9,1.7,Moderate
2019-05-26,2019,5,May,Spring,Sunday,Yes,19.2,30.0,44.8,2.0,Moderate
2019-05-27,2019,5,May,Spring,Monday,No,9.3,11.1,15.1,2.4,Good
2019-05-28,2019,5,May,Spring,Tuesday,No,14.3,34.4,59.4,2.1,Moderate
2019-05-29,2019,5,May,Spring,Wednesday,No,8.9,43.0,62.0,2.8,Unhealthy for Sensitive Groups
2019-05-30,2019,5,May,Spring,Thursday,No,15.3,25.3,36.4,1.6,Moderate
2019-05-31,2019,5,May,Spring,Friday,No,10.8,13.5,23.5,6.4,Moderate
2019-06-01,2019,6,June,Summer,Saturday,Yes,16.0,13.5,19.4,3.9,Moderate
2019-06-02,2019,6,June,Summer,Sunday,Yes,24.5,14.1,24.0,1.5,Moderate
2019-06-03,2019,6,June,Summer,Monday,No,16.7,41.5,66.9,3.2,Unhealthy for Sensitive Groups
2019-06-04,2019,6,June,Summer,Tuesday,No,17.6,20.8,30.2,2.4,Moderate
2019-06-05,2019,6,June,Summer,Wednesday,No,25.5,16.7,28.2,3.0,Moderate
2019-06-06,2019,6,June,Summer,Thursday,No,28.4,34.9,52.0,4.1,Moderate
2019-06-07,2019,6,June,Summer,Friday,No,25.7,40.0,67.6,5.3,Unhealthy for Sensitive Groups
2019-06-08,2019,6,June,Summer,Saturday,Yes,21.6,31.1,50.4,6.2,Moderate
2019-06-09,2019,6,June,Summer,Sunday,Yes,20.9,34.7,51.5,2.8,Moderate
2019-06-10,2019,6,June,Summer,Monday,No,19.8,35.6,55.3,2.9,Unhealthy for Sensitive Groups
2019-06-11,2019,6,June,Summer,Tuesday,No,18.5,19.6,32.6,9.5,Moderate
2019-06-12,2019,6,June,Summer,Wednesday,No,19.3,46.0,68.4,3.9,Unhealthy for Sensitive Groups
2019-06-13,2019,6,June,Summer,Thursday,No,19.0,38.6,56.8,2.9,Unhealthy for Sensitive Groups
2019-06-14,2019,6,June,Summer,Friday,No,18.8,20.2,32.3,1.6,Moderate
2019-06-15,2019,6,June,Summer,Saturday,Yes,19.8,11.7,19.0,2.4,Good
2019-06-16,2019,6,June,Summer,Sunday,Yes,12.5,11.9,19.8,1.0,Good
2019-06-17,2019,6,June,Summer,Monday,No,21.1,28.7,49.7,4.6,Moderate
2019-06-18,2019,6,June,Summer,Tuesday,No,20.9,23.5,37.7,1.4,Moderate
2019-06-19,2019,6,June,Summer,Wednesday,No,17.3,17.7,24.1,0.8,Moderate
2019-06-20,2019,6,June,Summer,Thursday,No,24.1,26.1,43.3,3.5,Moderate
2019-06-21,2019,6,June,Summer,Friday,No,20.9,16.2,22.1,2.9,Moderate
2019-06-22,2019,6,June,Summer,Saturday,Yes,21.1,22.3,31.9,7.9,Moderate
2019-06-23,2019,6,June,Summer,Sunday,Yes,18.8,16.5,27.5,1.7,Moderate
2019-06-24,2019,6,June,Summer,Monday,No,10.7,12.3,19.6,0.2,Moderate
2019-06-25,2019,6,June,Summer,Tuesday,No,21.4,36.3,49.6,1.1,Unhealthy for Sensitive Groups
2019-06-26,2019,6,June,Summer,Wednesday,No,18.1,41.6,66.4,0.9,Unhealthy for Sensitive Groups
2019-06-27,2019,6,June,Summer,Thursday,No,17.4,20.8,32.4,2.1,Moderate
2019-06-28,2019,6,June,Summer,Friday,No,15.6,11.9,18.8,2.0,Good
2019-06-29,2019,6,June,Summer,Saturday,Yes,16.0,15.2,21.2,6.3,Moderate
2019-06-30,2019,6,June,Summer,Sunday,Yes,22.0,37.0,60.4,1.4,Unhealthy for Sensitive Groups
2019-07-01,2019,7,July,Summer,Monday,No,23.6,22.3,37.4,6.0,Moderate
2019-07-02,2019,7,July,Summer,Tuesday,No,20.8,35.0,48.4,2.9,Moderate
2019-07-03,2019,7,July,Summer,Wednesday,No,17.4,36.5,52.5,3.7,Unhealthy for Sensitive Groups
2019-07-04,2019,7,July,Summer,Thursday,No,17.7,29.8,43.0,3.4,Moderate
2019-07-05,2019,7,July,Summer,Friday,No,20.2,16.9,27.4,2.0,Moderate
2019-07-06,2019,7,July,Summer,Saturday,Yes,13.3,29.5,43.9,7.0,Moderate
2019-07-07,2019,7,July,Summer,Sunday,Yes,20.9,24.2,39.7,5.2,Moderate
2019-07-08,2019,7,July,Summer,Monday,No,19.8,25.0,42.9,0.5,Moderate
2019-07-09,2019,7,July,Summer,Tuesday,No,25.9,37.3,52.3,3.6,Unhealthy for Sensitive Groups
2019-07-10,2019,7,July,Summer,Wednesday,No,21.0,17.9,25.9,5.5,Moderate
2019-07-11,2019,7,July,Summer,Thursday,No,23.1,16.8,26.7,1.9,Moderate
2019-07-12,2019,7,July,Summer,Friday,No,15.5,16.7,27.7,5.5,Moderate
2019-07-13,2019,7,July,Summer,Saturday,Yes,19.8,17.1,23.6,2.7,Moderate
2019-07-14,2019,7,July,Summer,Sunday,Yes,14.9,29.5,47.1,1.8,Moderate
2019-07-15,2019,7,July,Summer,Monday,No,18.6,11.3,18.6,1.9,Good
2019-07-16,2019,7,July,Summer,Tuesday,No,28.3,38.8,55.6,3.0,Unhealthy for Sensitive Groups
2019-07-17,2019,7,July,Summer,Wednesday,No,19.7,27.2,46.9,4.2,Moderate
2019-07-18,2019,7,July,Summer,Thursday,No,19.7,28.4,43.5,3.2,Moderate
2019-07-19,2019,7,July,Summer,Friday,No,28.4,14.7,20.0,5.3,Moderate
2019-07-20,2019,7,July,Summer,Saturday,Yes,15.8,27.7,47.0,8.3,Moderate
2019-07-21,2019,7,July,Summer,Sunday,Yes,23.5,38.5,62.5,10.6,Unhealthy for Sensitive Groups
2019-07-22,2019,7,July,Summer,Monday,No,19.8,31.0,44.5,5.6,Moderate
2019-07-23,2019,7,July,Summer,Tuesday,No,26.5,12.6,20.3,2.4,Moderate
2019-07-24,2019,7,July,Summer,Wednesday,No,21.3,39.7,67.5,3.5,Unhealthy for Sensitive Groups
2019-07-25,2019,7,July,Summer,Thursday,No,24.8,32.4,53.6,2.0,Moderate
2019-07-26,2019,7,July,Summer,Friday,No,25.5,14.1,20.9,2.5,Moderate
2019-07-27,2019,7,July,Summer,Saturday,Yes,26.4,19.5,29.8,1.5,Moderate
2019-07-28,2019,7,July,Summer,Sunday,Yes,14.7,13.3,21.3,5.0,Moderate
2019-07-29,2019,7,July,Summer,Monday,No,23.9,26.2,40.4,0.7,Moderate
2019-07-30,2019,7,July,Summer,Tuesday,No,13.4,30.3,50.8,3.8,Moderate
2019-07-31,2019,7,July,Summer,Wednesday,No,23.0,18.6,32.0,1.3,Moderate
2019-08-01,2019,8,August,Summer,Thursday,No,17.2,17.1,28.6,0.9,Moderate
2019-08-02,2019,8,August,Summer,Friday,No,22.0,28.9,42.2,1.0,Moderate
2019-08-03,2019,8,August,Summer,Saturday,Yes,17.4,29.6,48.4,0.7,Moderate
2019-08-04,2019,8,August,Summer,Sunday,Yes,11.9,38.9,60.0,3.0,Unhealthy for Sensitive Groups
2019-08-05,2019,8,August,Summer,Monday,No,23.7,30.7,51.5,3.7,Moderate
2019-08-06,2019,8,August,Summer,Tuesday,No,15.5,28.2,42.7,0.8,Moderate
2019-08-07,2019,8,August,Summer,Wednesday,No,15.5,18.7,30.2,5.8,Moderate
2019-08-08,2019,8,August,Summer,Thursday,No,14.9,34.0,48.2,3.9,Moderate
2019-08-09,2019,8,August,Summer,Friday,No,19.9,13.6,21.7,2.2,Moderate
2019-08-10,2019,8,August,Summer,Saturday,Yes,16.1,23.9,37.0,1.2,Moderate
2019-08-11,2019,8,August,Summer,Sunday,Yes,24.8,31.8,46.4,7.2,Moderate
2019-08-12,2019,8,August,Summer,Monday,No,16.0,16.2,24.2,2.6,Moderate
2019-08-13,2019,8,August,Summer,Tuesday,No,15.2,36.4,62.0,0.5,Unhealthy for Sensitive Groups
2019-08-14,2019,8,August,Summer,Wednesday,No,10.3,21.6,34.9,7.3,Moderate
2019-08-15,2019,8,August,Summer,Thursday,No,20.0,12.9,18.3,2.7,Moderate
2019-08-16,2019,8,August,Summer,Friday,No,19.0,12.0,18.4,1.3,Moderate
2019-08-17,2019,8,August,Summer,Saturday,Yes,23.2,29.9,52.2,1.9,Moderate
2019-08-18,2019,8,August,Summer,Sunday,Yes,23.1,25.0,40.0,2.9,Moderate
2019-08-19,2019,8,August,Summer,Monday,No,17.1,38.6,52.7,4.8,Unhealthy for Sensitive Groups
2019-08-20,2019,8,August,Summer,Tuesday,No,15.1,11.8,20.4,0.4,Good
2019-08-21,2019,8,August,Summer,Wednesday,No,20.3,25.4,43.6,11.1,Moderate
2019-08-22,2019,8,August,Summer,Thursday,No,18.6,22.3,37.9,3.1,Moderate
2019-08-23,2019,8,August,Summer,Friday,No,19.6,19.8,28.1,1.3,Moderate
2019-08-24,2019,8,August,Summer,Saturday,Yes,18.4,28.2,47.3,2.5,Moderate
2019-08-25,2019,8,August,Summer,Sunday,Yes,21.6,31.9,48.2,0.7,Moderate
2019-08-26,2019,8,August,Summer,Monday,No,15.9,11.1,15.6,2.6,Good
2019-08-27,2019,8,August,Summer,Tuesday,No,20.4,24.2,36.9,0.3,Moderate
2019-08-28,2019,8,August,Summer,Wednesday,No,13.4,31.5,50.7,2.1,Moderate
2019-08-29,2019,8,August,Summer,Thursday,No,24.3,42.3,73.7,1.9,Unhealthy for Sensitive Groups
2019-08-30,2019,8,August,Summer,Friday,No,15.8,31.5,43.3,2.8,Moderate
2019-08-31,2019,8,August,Summer,Saturday,Yes,18.3,29.6,46.2,0.6,Moderate
2019-09-01,2019,9,September,Autumn,Sunday,Yes,7.9,20.0,30.3,3.7,Moderate
2019-09-02,2019,9,September,Autumn,Monday,No,16.4,10.3,14.0,0.2,Good
2019-09-03,2019,9,September,Autumn,Tuesday,No,11.2,28.2,40.5,2.5,Moderate
2019-09-04,2019,9,September,Autumn,Wednesday,No,15.7,30.4,42.2,2.2,Moderate
2019-09-05,2019,9,September,Autumn,Thursday,No,11.6,31.3,48.2,0.7,Moderate
2019-09-06,2019,9,September,Autumn,Friday,No,6.9,33.3,54.1,5.1,Moderate
2019-09-07,2019,9,September,Autumn,Saturday,Yes,16.1,10.4,17.8,9.4,Good
2019-09-08,2019,9,September,Autumn,Sunday,Yes,10.9,39.3,54.1,6.9,Unhealthy for Sensitive Groups
2019-09-09,2019,9,September,Autumn,Monday,No,15.2,25.2,40.9,1.9,Moderate
2019-09-10,2019,9,September,Autumn,Tuesday,No,14.1,9.7,14.5,1.1,Good
2019-09-11,2019,9,September,Autumn,Wednesday,No,9.2,16.7,23.2,5.6,Moderate
2019-09-12,2019,9,September,Autumn,Thursday,No,16.2,12.0,19.2,1.3,Moderate
2019-09-13,2019,9,September,Autumn,Friday,No,12.1,29.3,48.6,3.5,Moderate
2019-09-14,2019,9,September,Autumn,Saturday,Yes,22.0,35.8,62.4,4.8,Unhealthy for Sensitive Groups
2019-09-15,2019,9,September,Autumn,Sunday,Yes,19.5,34.5,55.6,1.9,Moderate
2019-09-16,2019,9,September,Autumn,Monday,No,10.0,16.1,24.6,0.3,Moderate
2019-09-17,2019,9,September,Autumn,Tuesday,No,12.5,37.6,60.5,4.6,Unhealthy for Sensitive Groups
2019-09-18,2019,9,September,Autumn,Wednesday,No,11.0,36.7,60.6,3.1,Unhealthy for Sensitive Groups
2019-09-19,2019,9,September,Autumn,Thursday,No,15.3,37.0,59.7,2.9,Unhealthy for Sensitive Groups
2019-09-20,2019,9,September,Autumn,Friday,No,8.2,41.3,69.3,1.4,Unhealthy for Sensitive Groups
2019-09-21,2019,9,September,Autumn,Saturday,Yes,18.3,30.9,48.4,3.0,Moderate
2019-09-22,2019,9,September,Autumn,Sunday,Yes,23.7,27.6,44.3,3.3,Moderate
2019-09-23,2019,9,September,Autumn,Monday,No,12.8,9.7,14.1,2.1,Good
2019-09-24,2019,9,September,Autumn,Tuesday,No,9.9,19.2,30.7,3.3,Moderate
2019-09-25,2019,9,September,Autumn,Wednesday,No,18.1,26.6,36.0,1.3,Moderate
2019-09-26,2019,9,September,Autumn,Thursday,No,15.9,20.5,30.2,1.7,Moderate
2019-09-27,2019,9,September,Autumn,Friday,No,20.2,37.2,59.0,0.6,Unhealthy for Sensitive Groups
2019-09-28,2019,9,September,Autumn,Saturday,Yes,6.3,8.6,14.3,5.8,Good
2019-09-29,2019,9,September,Autumn,Sunday,Yes,11.1,34.1,46.9,6.8,Moderate
2019-09-30,2019,9,September,Autumn,Monday,No,21.4,31.9,46.5,3.8,Moderate
2019-10-01,2019,10,October,Autumn,Tuesday,No,2.4,34.6,51.3,4.1,Moderate
2019-10-02,2019,10,October,Autumn,Wednesday,No,9.5,53.3,79.0,2.1,Unhealthy for Sensitive Groups
2019-10-03,2019,10,October,Autumn,Thursday,No,5.4,62.3,102.4,1.0,Unhealthy
2019-10-04,2019,10,October,Autumn,Friday,No,13.1,71.4,120.4,1.1,Unhealthy
2019-10-05,2019,10,October,Autumn,Saturday,Yes,13.2,45.3,67.7,2.8,Unhealthy for Sensitive Groups
2019-10-06,2019,10,October,Autumn,Sunday,Yes,-1.4,76.3,129.6,0.5,Unhealthy
2019-10-07,2019,10,October,Autumn,Monday,No,7.8,53.2,82.1,2.4,Unhealthy for Sensitive Groups
2019-10-08,2019,10,October,Autumn,Tuesday,No,12.8,66.4,105.8,3.5,Unhealthy
2019-10-09,2019,10,October,Autumn,Wednesday,No,8.8,89.7,123.6,2.3,Unhealthy
2019-10-10,2019,10,October,Autumn,Thursday,No,4.9,43.7,63.7,3.3,Unhealthy for Sensitive Groups
2019-10-11,2019,10,October,Autumn,Friday,No,11.7,34.2,52.8,0.2,Moderate
2019-10-12,2019,10,October,Autumn,Saturday,Yes,9.2,77.6,133.8,3.6,Unhealthy
2019-10-13,2019,10,October,Autumn,Sunday,Yes,-0.5,65.6,114.3,4.4,Unhealthy
2019-10-14,2019,10,October,Autumn,Monday,No,0.7,63.5,101.2,2.4,Unhealthy
2019-10-15,2019,10,October,Autumn,Tuesday,No,2.8,71.2,112.1,1.0,Unhealthy
2019-10-16,2019,10,October,Autumn,Wednesday,No,6.0,70.4,110.3,1.9,Unhealthy
2019-10-17,2019,10,October,Autumn,Thursday,No,1.4,30.8,53.2,3.4,Moderate
2019-10-18,2019,10,October,Autumn,Friday,No,9.3,55.7,76.6,9.0,Unhealthy
2019-10-19,2019,10,October,Autumn,Saturday,Yes,5.0,37.2,61.9,1.4,Unhealthy for Sensitive Groups
2019-10-20,2019,10,October,Autumn,Sunday,Yes,2.5,48.3,69.2,7.2,Unhealthy for Sensitive Groups
2019-10-21,2019,10,October,Autumn,Monday,No,4.5,72.8,120.8,4.6,Unhealthy
2019-10-22,2019,10,October,Autumn,Tuesday,No,5.4,59.0,99.1,1.3,Unhealthy
2019-10-23,2019,10,October,Autumn,Wednesday,No,6.2,41.2,68.7,8.2,Unhealthy for Sensitive Groups
2019-10-24,2019,10,October,Autumn,Thursday,No,10.0,52.6,74.3,4.5,Unhealthy for Sensitive Groups
2019-10-25,2019,10,October,Autumn,Friday,No,3.1,82.8,141.8,1.9,Unhealthy
2019-10-26,2019,10,October,Autumn,Saturday,Yes,4.1,71.0,108.4,3.4,Unhealthy
2019-10-27,2019,10,October,Autumn,Sunday,Yes,5.8,89.7,136.1,1.0,Unhealthy
2019-10-28,2019,10,October,Autumn,Monday,No,7.4,59.1,96.8,2.9,Unhealthy
2019-10-29,2019,10,October,Autumn,Tuesday,No,4.3,77.6,126.8,6.0,Unhealthy
2019-10-30,2019,10,October,Autumn,Wednesday,No,11.0,55.1,82.3,5.9,Unhealthy for Sensitive Groups
2019-10-31,2019,10,October,Autumn,Thursday,No,5.6,43.4,60.3,3.7,Unhealthy for Sensitive Groups
2019-11-01,2019,11,November,Autumn,Friday,No,-5.3,121.6,200.6,5.7,Unhealthy
2019-11-02,2019,11,November,Autumn,Saturday,Yes,2.4,174.4,279.7,2.5,Very Unhealthy
2019-11-03,2019,11,November,Autumn,Sunday,Yes,-8.4,167.5,230.8,3.1,Very Unhealthy
2019-11-04,2019,11,November,Autumn,Monday,No,-4.8,183.9,299.3,0.7,Very Unhealthy
2019-11-05,2019,11,November,Autumn,Tuesday,No,-7.7,82.7,121.7,3.6,Unhealthy
2019-11-06,2019,11,November,Autumn,Wednesday,No,-3.0,172.8,251.3,5.3,Very Unhealthy
2019-11-07,2019,11,November,Autumn,Thursday,No,-1.0,110.2,168.5,5.3,Unhealthy
2019-11-08,2019,11,November,Autumn,Friday,No,-4.2,118.6,195.2,2.3,Unhealthy
2019-11-09,2019,11,November,Autumn,Saturday,Yes,-0.9,108.5,186.0,4.2,Unhealthy
2019-11-10,2019,11,November,Autumn,Sunday,Yes,-1.3,167.8,282.2,5.2,Very Unhealthy
2019-11-11,2019,11,November,Autumn,Monday,No,-2.2,108.0,156.2,2.5,Unhealthy
2019-11-12,2019,11,November,Autumn,Tuesday,No,-4.9,134.5,221.6,0.9,Unhealthy
2019-11-13,2019,11,November,Autumn,Wednesday,No,0.1,202.0,287.7,2.3,Very Unhealthy
2019-11-14,2019,11,November,Autumn,Thursday,No,-4.4,88.1,121.2,5.5,Unhealthy
2019-11-15,2019,11,November,Autumn,Friday,No,-7.4,95.6,163.8,4.9,Unhealthy
2019-11-16,2019,11,November,Autumn,Saturday,Yes,-1.7,110.6,163.3,4.1,Unhealthy
2019-11-17,2019,11,November,Autumn,Sunday,Yes,-1.7,193.3,295.2,7.1,Very Unhealthy
2019-11-18,2019,11,November,Autumn,Monday,No,1.5,158.7,220.9,0.5,Very Unhealthy
2019-11-19,2019,11,November,Autumn,Tuesday,No,5.0,181.2,288.2,2.6,Very Unhealthy
2019-11-20,2019,11,November,Autumn,Wednesday,No,3.1,86.0,132.4,0.7,Unhealthy
2019-11-21,2019,11,November,Autumn,Thursday,No,-5.4,175.7,260.5,0.6,Very Unhealthy
2019-11-22,2019,11,November,Autumn,Friday,No,-4.1,114.2,154.4,0.6,Unhealthy
2019-11-23,2019,11,November,Autumn,Saturday,Yes,-5.0,155.0,244.7,2.7,Very Unhealthy
2019-11-24,2019,11,November,Autumn,Sunday,Yes,-2.9,88.4,131.5,5.2,Unhealthy
2019-11-25,2019,11,November,Autumn,Monday,No,-3.6,148.8,226.0,0.6,Unhealthy
2019-11-26,2019,11,November,Autumn,Tuesday,No,-2.6,153.8,226.7,1.7,Very Unhealthy
2019-11-27,2019,11,November,Autumn,Wednesday,No,-3.1,101.9,142.2,4.7,Unhealthy
2019-11-28,2019,11,November,Autumn,Thursday,No,-12.3,91.1,138.3,2.3,Unhealthy
2019-11-29,2019,11,November,Autumn,Friday,No,-3.4,122.9,199.3,3.5,Unhealthy
2019-11-30,2019,11,November,Autumn,Saturday,Yes,-4.1,148.0,253.9,4.8,Unhealthy
2019-12-01,2019,12,December,Winter,Sunday,Yes,-12.6,229.2,322.5,1.3,Very Unhealthy
2019-12-02,2019,12,December,Winter,Monday,No,-20.5,286.3,391.5,2.8,Hazardous
2019-12-03,2019,12,December,Winter,Tuesday,No,-17.8,360.9,549.3,4.5,Hazardous
2019-12-04,2019,12,December,Winter,Wednesday,No,-17.5,327.7,547.0,3.1,Hazardous
2019-12-05,2019,12,December,Winter,Thursday,No,-12.7,248.7,395.5,5.5,Very Unhealthy
2019-12-06,2019,12,December,Winter,Friday,No,-17.7,270.2,380.2,1.9,Hazardous
2019-12-07,2019,12,December,Winter,Saturday,Yes,-10.6,186.7,257.4,5.7,Very Unhealthy
2019-12-08,2019,12,December,Winter,Sunday,Yes,-9.3,287.9,413.8,2.4,Hazardous
2019-12-09,2019,12,December,Winter,Monday,No,-12.6,236.7,410.8,1.7,Very Unhealthy
2019-12-10,2019,12,December,Winter,Tuesday,No,-18.1,208.2,319.3,3.8,Very Unhealthy
2019-12-11,2019,12,December,Winter,Wednesday,No,-14.9,398.2,669.2,4.7,Hazardous
2019-12-12,2019,12,December,Winter,Thursday,No,-19.9,241.7,341.2,7.6,Very Unhealthy
2019-12-13,2019,12,December,Winter,Friday,No,-4.8,336.3,480.2,1.2,Hazardous
2019-12-14,2019,12,December,Winter,Saturday,Yes,-18.8,358.2,533.3,0.9,Hazardous
2019-12-15,2019,12,December,Winter,Sunday,Yes,-12.7,329.3,519.6,4.7,Hazardous
2019-12-16,2019,12,December,Winter,Monday,No,-15.5,195.3,306.1,3.0,Very Unhealthy
2019-12-17,2019,12,December,Winter,Tuesday,No,-11.8,363.6,606.4,3.1,Hazardous
2019-12-18,2019,12,December,Winter,Wednesday,No,-14.2,358.3,607.5,0.4,Hazardous
2019-12-19,2019,12,December,Winter,Thursday,No,-8.7,253.2,391.7,0.2,Hazardous
2019-12-20,2019,12,December,Winter,Friday,No,-8.9,344.9,597.5,2.1,Hazardous
2019-12-21,2019,12,December,Winter,Saturday,Yes,-14.3,284.0,441.4,5.0,Hazardous
2019-12-22,2019,12,December,Winter,Sunday,Yes,-5.9,333.1,467.6,1.1,Hazardous
2019-12-23,2019,12,December,Winter,Monday,No,-19.2,251.4,340.8,4.6,Hazardous
2019-12-24,2019,12,December,Winter,Tuesday,No,-11.6,250.6,415.4,5.6,Hazardous
2019-12-25,2019,12,December,Winter,Wednesday,No,-10.9,496.7,751.4,1.3,Hazardous
2019-12-26,2019,12,December,Winter,Thursday,No,-16.9,353.8,487.9,2.6,Hazardous
2019-12-27,2019,12,December,Winter,Friday,No,-11.3,236.4,323.9,4.8,Very Unhealthy
2019-12-28,2019,12,December,Winter,Saturday,Yes,-20.1,233.7,390.6,2.2,Very Unhealthy
2019-12-29,2019,12,December,Winter,Sunday,Yes,-10.9,278.8,485.6,0.8,Hazardous
2019-12-30,2019,12,December,Winter,Monday,No,-8.3,208.8,323.9,9.6,Very Unhealthy
2019-12-31,2019,12,December,Winter,Tuesday,No,-18.9,238.0,399.6,1.0,Very Unhealthy
2020-01-01,2020,1,January,Winter,Wednesday,No,-17.8,267.3,389.9,0.4,Hazardous
2020-01-02,2020,1,January,Winter,Thursday,No,-22.1,483.4,706.0,2.5,Hazardous
2020-01-03,2020,1,January,Winter,Friday,No,-25.4,230.9,336.7,1.7,Very Unhealthy
2020-01-04,2020,1,January,Winter,Saturday,Yes,-18.5,336.5,584.0,4.3,Hazardous
2020-01-05,2020,1,January,Winter,Sunday,Yes,-22.3,297.1,484.7,4.9,Hazardous
2020-01-06,2020,1,January,Winter,Monday,No,-17.1,299.3,416.7,5.2,Hazardous
2020-01-07,2020,1,January,Winter,Tuesday,No,-23.8,259.7,402.6,0.6,Hazardous
2020-01-08,2020,1,January,Winter,Wednesday,No,-31.2,283.9,479.8,1.9,Hazardous
2020-01-09,2020,1,January,Winter,Thursday,No,-23.5,406.2,658.5,0.5,Hazardous
2020-01-10,2020,1,January,Winter,Friday,No,-18.7,334.2,504.0,0.7,Hazardous
2020-01-11,2020,1,January,Winter,Saturday,Yes,-21.2,236.5,324.8,2.6,Very Unhealthy
2020-01-12,2020,1,January,Winter,Sunday,Yes,-26.0,487.1,753.6,1.0,Hazardous
2020-01-13,2020,1,January,Winter,Monday,No,-12.3,208.0,361.0,8.8,Very Unhealthy
2020-01-14,2020,1,January,Winter,Tuesday,No,-21.1,340.7,477.1,2.5,Hazardous
2020-01-15,2020,1,January,Winter,Wednesday,No,-19.3,225.2,305.6,4.9,Very Unhealthy
2020-01-16,2020,1,January,Winter,Thursday,No,-25.0,258.1,435.9,2.6,Hazardous
2020-01-17,2020,1,January,Winter,Friday,No,-21.3,336.7,508.1,1.8,Hazardous
2020-01-18,2020,1,January,Winter,Saturday,Yes,-22.7,229.0,314.4,7.3,Very Unhealthy
2020-01-19,2020,1,January,Winter,Sunday,Yes,-21.9,535.9,771.8,1.8,Hazardous
2020-01-20,2020,1,January,Winter,Monday,No,-23.3,339.0,543.9,1.9,Hazardous
2020-01-21,2020,1,January,Winter,Tuesday,No,-26.7,271.5,398.1,4.9,Hazardous
2020-01-22,2020,1,January,Winter,Wednesday,No,-22.3,187.0,324.1,2.2,Very Unhealthy
2020-01-23,2020,1,January,Winter,Thursday,No,-22.0,390.9,653.9,9.6,Hazardous
2020-01-24,2020,1,January,Winter,Friday,No,-29.6,178.7,244.8,2.0,Very Unhealthy
2020-01-25,2020,1,January,Winter,Saturday,Yes,-23.7,371.2,642.4,2.6,Hazardous
2020-01-26,2020,1,January,Winter,Sunday,Yes,-20.7,268.9,468.6,1.4,Hazardous
2020-01-27,2020,1,January,Winter,Monday,No,-20.3,326.7,503.4,1.1,Hazardous
2020-01-28,2020,1,January,Winter,Tuesday,No,-18.7,347.2,538.0,3.3,Hazardous
2020-01-29,2020,1,January,Winter,Wednesday,No,-27.0,262.3,430.6,2.2,Hazardous
2020-01-30,2020,1,January,Winter,Thursday,No,-25.5,270.0,407.5,1.4,Hazardous
2020-01-31,2020,1,January,Winter,Friday,No,-24.6,290.3,498.6,2.7,Hazardous
2020-02-01,2020,2,February,Winter,Saturday,Yes,-11.4,273.7,441.4,4.7,Hazardous
2020-02-02,2020,2,February,Winter,Sunday,Yes,-13.6,277.5,394.1,1.8,Hazardous
2020-02-03,2020,2,February,Winter,Monday,No,-11.0,308.5,510.1,11.9,Hazardous
2020-02-04,2020,2,February,Winter,Tuesday,No,-10.6,350.9,532.6,2.3,Hazardous
2020-02-05,2020,2,February,Winter,Wednesday,No,-7.7,219.6,371.6,1.0,Very Unhealthy
2020-02-06,2020,2,February,Winter,Thursday,No,-13.7,280.6,472.6,5.7,Hazardous
2020-02-07,2020,2,February,Winter,Friday,No,-18.0,311.0,455.0,5.1,Hazardous
2020-02-08,2020,2,February,Winter,Saturday,Yes,-10.9,158.6,228.5,0.9,Very Unhealthy
2020-02-09,2020,2,February,Winter,Sunday,Yes,-18.0,208.9,352.9,4.4,Very Unhealthy
2020-02-10,2020,2,February,Winter,Monday,No,-18.0,287.9,409.6,4.3,Hazardous
2020-02-11,2020,2,February,Winter,Tuesday,No,-14.7,408.7,659.8,0.4,Hazardous
2020-02-12,2020,2,February,Winter,Wednesday,No,-6.5,230.1,364.4,4.0,Very Unhealthy
2020-02-13,2020,2,February,Winter,Thursday,No,-19.7,319.6,496.5,1.1,Hazardous
2020-02-14,2020,2,February,Winter,Friday,No,-9.4,296.5,482.7,4.0,Hazardous
2020-02-15,2020,2,February,Winter,Saturday,Yes,-12.0,294.1,512.1,0.8,Hazardous
2020-02-16,2020,2,February,Winter,Sunday,Yes,-9.5,307.8,476.6,0.9,Hazardous
2020-02-17,2020,2,February,Winter,Monday,No,-15.3,320.7,463.1,3.5,Hazardous
2020-02-18,2020,2,February,Winter,Tuesday,No,-12.9,622.7,1019.6,2.1,Hazardous
2020-02-19,2020,2,February,Winter,Wednesday,No,-12.6,279.4,409.6,1.2,Hazardous
2020-02-20,2020,2,February,Winter,Thursday,No,-9.5,249.5,393.9,2.6,Very Unhealthy
2020-02-21,2020,2,February,Winter,Friday,No,-16.3,217.4,357.2,5.3,Very Unhealthy
2020-02-22,2020,2,February,Winter,Saturday,Yes,-15.8,265.4,364.3,3.7,Hazardous
2020-02-23,2020,2,February,Winter,Sunday,Yes,-14.3,296.2,488.8,0.7,Hazardous
2020-02-24,2020,2,February,Winter,Monday,No,-17.6,248.8,342.6,0.7,Very Unhealthy
2020-02-25,2020,2,February,Winter,Tuesday,No,-13.4,229.0,347.9,5.1,Very Unhealthy
2020-02-26,2020,2,February,Winter,Wednesday,No,-19.7,217.9,317.6,4.8,Very Unhealthy
2020-02-27,2020,2,February,Winter,Thursday,No,-18.8,397.9,551.8,2.9,Hazardous
2020-02-28,2020,2,February,Winter,Friday,No,-7.7,471.9,684.4,5.6,Hazardous
2020-02-29,2020,2,February,Winter,Saturday,Yes,-9.6,263.5,455.5,3.1,Hazardous
2020-03-01,2020,3,March,Spring,Sunday,Yes,-1.5,97.9,155.2,5.1,Unhealthy
2020-03-02,2020,3,March,Spring,Monday,No,1.0,69.4,106.2,3.6,Unhealthy
2020-03-03,2020,3,March,Spring,Tuesday,No,0.8,93.3,151.1,2.5,Unhealthy
2020-03-04,2020,3,March,Spring,Wednesday,No,-4.4,148.6,216.0,4.5,Unhealthy
2020-03-05,2020,3,March,Spring,Thursday,No,3.3,154.9,224.1,1.6,Very Unhealthy
2020-03-06,2020,3,March,Spring,Friday,No,-2.7,152.5,222.4,1.4,Very Unhealthy
2020-03-07,2020,3,March,Spring,Saturday,Yes,-4.0,137.4,218.8,1.5,Unhealthy
2020-03-08,2020,3,March,Spring,Sunday,Yes,-2.8,162.0,279.1,3.5,Very Unhealthy
2020-03-09,2020,3,March,Spring,Monday,No,-1.8,134.8,221.8,1.3,Unhealthy
2020-03-10,2020,3,March,Spring,Tuesday,No,-3.6,181.2,264.1,10.4,Very Unhealthy
2020-03-11,2020,3,March,Spring,Wednesday,No,-2.5,162.9,249.5,0.7,Very Unhealthy
2020-03-12,2020,3,March,Spring,Thursday,No,-0.9,138.1,238.2,1.3,Unhealthy
2020-03-13,2020,3,March,Spring,Friday,No,-5.9,129.0,175.3,2.5,Unhealthy
2020-03-14,2020,3,March,Spring,Saturday,Yes,-11.4,117.9,190.1,6.5,Unhealthy
2020-03-15,2020,3,March,Spring,Sunday,Yes,-4.8,80.9,115.2,4.4,Unhealthy
2020-03-16,2020,3,March,Spring,Monday,No,-2.4,140.2,206.6,1.5,Unhealthy
2020-03-17,2020,3,March,Spring,Tuesday,No,8.1,123.4,184.1,3.6,Unhealthy
2020-03-18,2020,3,March,Spring,Wednesday,No,-1.5,164.6,245.5,3.2,Very Unhealthy
2020-03-19,2020,3,March,Spring,Thursday,No,-4.6,122.3,189.7,3.3,Unhealthy
2020-03-20,2020,3,March,Spring,Friday,No,-5.0,164.2,250.5,3.9,Very Unhealthy
2020-03-21,2020,3,March,Spring,Saturday,Yes,-1.8,86.2,140.3,1.8,Unhealthy
2020-03-22,2020,3,March,Spring,Sunday,Yes,-4.9,82.2,127.9,4.7,Unhealthy
2020-03-23,2020,3,March,Spring,Monday,No,-6.6,79.0,113.7,10.8,Unhealthy
2020-03-24,2020,3,March,Spring,Tuesday,No,-2.0,74.0,106.4,1.6,Unhealthy
2020-03-25,2020,3,March,Spring,Wednesday,No,0.4,137.6,209.4,8.2,Unhealthy
2020-03-26,2020,3,March,Spring,Thursday,No,-2.2,74.4,126.3,2.5,Unhealthy
2020-03-27,2020,3,March,Spring,Friday,No,-7.8,137.3,191.8,1.1,Unhealthy
2020-03-28,2020,3,March,Spring,Saturday,Yes,-5.4,102.2,146.3,2.1,Unhealthy
2020-03-29,2020,3,March,Spring,Sunday,Yes,-4.9,150.8,207.7,11.8,Very Unhealthy
2020-03-30,2020,3,March,Spring,Monday,No,-8.2,147.6,248.6,7.7,Unhealthy
2020-03-31,2020,3,March,Spring,Tuesday,No,-3.9,120.7,201.2,0.7,Unhealthy
2020-04-01,2020,4,April,Spring,Wednesday,No,4.9,67.3,101.3,2.4,Unhealthy
2020-04-02,2020,4,April,Spring,Thursday,No,5.5,32.5,55.3,4.5,Moderate
2020-04-03,2020,4,April,Spring,Friday,No,-3.3,30.8,46.2,2.9,Moderate
2020-04-04,2020,4,April,Spring,Saturday,Yes,-1.8,40.9,60.9,1.5,Unhealthy for Sensitive Groups
2020-04-05,2020,4,April,Spring,Sunday,Yes,5.0,54.2,88.5,5.9,Unhealthy for Sensitive Groups
2020-04-06,2020,4,April,Spring,Monday,No,8.3,47.8,64.6,3.8,Unhealthy for Sensitive Groups
2020-04-07,2020,4,April,Spring,Tuesday,No,8.4,33.5,55.7,6.5,Moderate
2020-04-08,2020,4,April,Spring,Wednesday,No,6.0,40.0,64.7,6.3,Unhealthy for Sensitive Groups
2020-04-09,2020,4,April,Spring,Thursday,No,8.5,39.5,67.7,3.5,Unhealthy for Sensitive Groups
2020-04-10,2020,4,April,Spring,Friday,No,12.5,78.4,124.0,1.0,Unhealthy
2020-04-11,2020,4,April,Spring,Saturday,Yes,7.3,58.3,86.0,1.4,Unhealthy
2020-04-12,2020,4,April,Spring,Sunday,Yes,4.2,63.6,98.8,1.1,Unhealthy
2020-04-13,2020,4,April,Spring,Monday,No,11.8,57.9,94.2,4.5,Unhealthy
2020-04-14,2020,4,April,Spring,Tuesday,No,6.4,46.8,68.2,3.8,Unhealthy for Sensitive Groups
2020-04-15,2020,4,April,Spring,Wednesday,No,1.9,61.9,103.7,0.8,Unhealthy
2020-04-16,2020,4,April,Spring,Thursday,No,2.9,34.9,56.9,1.0,Moderate
2020-04-17,2020,4,April,Spring,Friday,No,-2.1,42.9,58.6,0.5,Unhealthy for Sensitive Groups
2020-04-18,2020,4,April,Spring,Saturday,Yes,8.4,69.0,102.1,3.2,Unhealthy
2020-04-19,2020,4,April,Spring,Sunday,Yes,7.0,59.3,100.4,3.9,Unhealthy
2020-04-20,2020,4,April,Spring,Monday,No,1.6,29.6,44.2,3.2,Moderate
2020-04-21,2020,4,April,Spring,Tuesday,No,11.4,63.9,105.7,6.1,Unhealthy
2020-04-22,2020,4,April,Spring,Wednesday,No,7.3,61.3,98.1,3.0,Unhealthy
2020-04-23,2020,4,April,Spring,Thursday,No,9.9,75.0,122.5,6.9,Unhealthy
2020-04-24,2020,4,April,Spring,Friday,No,7.7,65.8,113.3,3.3,Unhealthy
2020-04-25,2020,4,April,Spring,Saturday,Yes,-2.7,79.6,126.3,4.6,Unhealthy
2020-04-26,2020,4,April,Spring,Sunday,Yes,13.5,58.3,87.4,8.6,Unhealthy
2020-04-27,2020,4,April,Spring,Monday,No,5.7,57.0,91.4,1.7,Unhealthy
2020-04-28,2020,4,April,Spring,Tuesday,No,8.0,47.6,77.0,1.9,Unhealthy for Sensitive Groups
2020-04-29,2020,4,April,Spring,Wednesday,No,7.1,75.2,126.7,4.5,Unhealthy
2020-04-30,2020,4,April,Spring,Thursday,No,5.9,55.1,83.2,3.0,Unhealthy for Sensitive Groups
2020-05-01,2020,5,May,Spring,Friday,No,8.7,41.6,62.1,7.0,Unhealthy for Sensitive Groups
2020-05-02,2020,5,May,Spring,Saturday,Yes,13.0,10.8,17.2,0.9,Good
2020-05-03,2020,5,May,Spring,Sunday,Yes,15.8,34.3,50.2,1.2,Moderate
2020-05-04,2020,5,May,Spring,Monday,No,14.4,40.5,62.2,1.6,Unhealthy for Sensitive Groups
2020-05-05,2020,5,May,Spring,Tuesday,No,12.6,32.9,45.3,1.3,Moderate
2020-05-06,2020,5,May,Spring,Wednesday,No,12.6,15.3,21.3,2.0,Moderate
2020-05-07,2020,5,May,Spring,Thursday,No,12.4,31.6,46.2,3.5,Moderate
2020-05-08,2020,5,May,Spring,Friday,No,8.5,15.1,21.2,1.3,Moderate
2020-05-09,2020,5,May,Spring,Saturday,Yes,8.2,11.1,15.6,1.6,Good
2020-05-10,2020,5,May,Spring,Sunday,Yes,13.2,15.9,25.0,1.9,Moderate
2020-05-11,2020,5,May,Spring,Monday,No,14.5,25.1,36.6,1.0,Moderate
2020-05-12,2020,5,May,Spring,Tuesday,No,13.0,17.4,29.2,2.3,Moderate
2020-05-13,2020,5,May,Spring,Wednesday,No,10.8,35.3,58.6,4.4,Moderate
2020-05-14,2020,5,May,Spring,Thursday,No,14.9,28.9,50.5,2.0,Moderate
2020-05-15,2020,5,May,Spring,Friday,No,16.7,23.8,36.7,7.5,Moderate
2020-05-16,2020,5,May,Spring,Saturday,Yes,17.1,19.2,28.4,6.9,Moderate
2020-05-17,2020,5,May,Spring,Sunday,Yes,12.2,16.3,25.2,7.2,Moderate
2020-05-18,2020,5,May,Spring,Monday,No,14.5,18.0,29.1,2.9,Moderate
2020-05-19,2020,5,May,Spring,Tuesday,No,9.0,16.9,28.4,1.6,Moderate
2020-05-20,2020,5,May,Spring,Wednesday,No,8.9,21.0,35.1,1.4,Moderate
2020-05-21,2020,5,May,Spring,Thursday,No,12.4,32.8,53.1,3.6,Moderate
2020-05-22,2020,5,May,Spring,Friday,No,15.0,16.5,24.0,3.7,Moderate
2020-05-23,2020,5,May,Spring,Saturday,Yes,18.3,10.8,15.0,1.5,Good
2020-05-24,2020,5,May,Spring,Sunday,Yes,9.6,14.5,24.8,0.2,Moderate
2020-05-25,2020,5,May,Spring,Monday,No,4.9,11.1,17.6,1.7,Good
2020-05-26,2020,5,May,Spring,Tuesday,No,11.2,37.5,53.2,2.8,Unhealthy for Sensitive Groups
2020-05-27,2020,5,May,Spring,Wednesday,No,4.8,37.7,51.7,20.4,Unhealthy for Sensitive Groups
2020-05-28,2020,5,May,Spring,Thursday,No,5.0,38.8,54.9,2.4,Unhealthy for Sensitive Groups
2020-05-29,2020,5,May,Spring,Friday,No,11.6,10.6,16.9,3.2,Good
2020-05-30,2020,5,May,Spring,Saturday,Yes,11.7,27.6,41.6,1.6,Moderate
2020-05-31,2020,5,May,Spring,Sunday,Yes,14.8,16.1,27.7,8.1,Moderate
2020-06-01,2020,6,June,Summer,Monday,No,18.7,35.6,51.4,2.1,Unhealthy for Sensitive Groups
2020-06-02,2020,6,June,Summer,Tuesday,No,18.0,28.9,46.1,2.9,Moderate
2020-06-03,2020,6,June,Summer,Wednesday,No,21.8,35.9,61.2,1.1,Unhealthy for Sensitive Groups
2020-06-04,2020,6,June,Summer,Thursday,No,22.1,40.4,70.5,6.6,Unhealthy for Sensitive Groups
2020-06-05,2020,6,June,Summer,Friday,No,15.9,22.2,32.3,5.0,Moderate
2020-06-06,2020,6,June,Summer,Saturday,Yes,16.4,14.6,20.1,2.1,Moderate
2020-06-07,2020,6,June,Summer,Sunday,Yes,19.6,11.8,20.5,2.7,Good
2020-06-08,2020,6,June,Summer,Monday,No,6.3,25.7,42.4,4.3,Moderate
2020-06-09,2020,6,June,Summer,Tuesday,No,14.5,24.4,41.6,5.4,Moderate
2020-06-10,2020,6,June,Summer,Wednesday,No,13.9,14.6,22.2,1.0,Moderate
2020-06-11,2020,6,June,Summer,Thursday,No,19.7,24.0,35.2,0.3,Moderate
2020-06-12,2020,6,June,Summer,Friday,No,18.0,24.0,35.7,2.7,Moderate
2020-06-13,2020,6,June,Summer,Saturday,Yes,20.5,31.4,49.5,4.2,Moderate
2020-06-14,2020,6,June,Summer,Sunday,Yes,19.4,17.5,27.7,2.7,Moderate
2020-06-15,2020,6,June,Summer,Monday,No,24.4,11.2,18.1,1.1,Good
2020-06-16,2020,6,June,Summer,Tuesday,No,18.6,26.9,45.1,2.2,Moderate
2020-06-17,2020,6,June,Summer,Wednesday,No,10.7,10.4,14.3,1.8,Good
2020-06-18,2020,6,June,Summer,Thursday,No,25.8,28.6,42.7,0.5,Moderate
2020-06-19,2020,6,June,Summer,Friday,No,17.9,22.0,32.9,1.5,Moderate
2020-06-20,2020,6,June,Summer,Saturday,Yes,22.4,9.8,16.5,0.2,Good
2020-06-21,2020,6,June,Summer,Sunday,Yes,23.1,29.8,44.8,1.8,Moderate
2020-06-22,2020,6,June,Summer,Monday,No,19.1,26.1,35.6,0.2,Moderate
2020-06-23,2020,6,June,Summer,Tuesday,No,15.7,28.9,47.3,3.5,Moderate
2020-06-24,2020,6,June,Summer,Wednesday,No,14.4,27.1,46.8,1.5,Moderate
2020-06-25,2020,6,June,Summer,Thursday,No,19.2,28.1,47.1,1.9,Moderate
2020-06-26,2020,6,June,Summer,Friday,No,12.8,12.1,18.1,7.6,Moderate
2020-06-27,2020,6,June,Summer,Saturday,Yes,14.9,9.8,13.8,1.8,Good
2020-06-28,2020,6,June,Summer,Sunday,Yes,17.9,12.9,22.0,0.6,Moderate
2020-06-29,2020,6,June,Summer,Monday,No,19.6,31.5,50.5,4.1,Moderate
2020-06-30,2020,6,June,Summer,Tuesday,No,19.1,33.3,50.7,4.3,Moderate
2020-07-01,2020,7,July,Summer,Wednesday,No,22.2,37.2,56.6,2.8,Unhealthy for Sensitive Groups
2020-07-02,2020,7,July,Summer,Thursday,No,19.3,35.1,54.2,0.3,Moderate
2020-07-03,2020,7,July,Summer,Friday,No,20.6,19.0,31.2,3.4,Moderate
2020-07-04,2020,7,July,Summer,Saturday,Yes,24.2,35.9,54.2,1.4,Unhealthy for Sensitive Groups
2020-07-05,2020,7,July,Summer,Sunday,Yes,23.4,10.9,17.7,5.2,Good
2020-07-06,2020,7,July,Summer,Monday,No,14.8,19.5,30.6,0.9,Moderate
2020-07-07,2020,7,July,Summer,Tuesday,No,18.9,22.5,31.1,3.0,Moderate
2020-07-08,2020,7,July,Summer,Wednesday,No,24.2,16.4,23.7,3.6,Moderate
2020-07-09,2020,7,July,Summer,Thursday,No,18.6,18.6,25.3,6.0,Moderate
2020-07-10,2020,7,July,Summer,Friday,No,19.6,26.7,40.3,2.6,Moderate
2020-07-11,2020,7,July,Summer,Saturday,Yes,21.8,29.0,43.5,2.0,Moderate
2020-07-12,2020,7,July,Summer,Sunday,Yes,19.6,29.7,49.7,1.4,Moderate
2020-07-13,2020,7,July,Summer,Monday,No,17.2,36.4,54.1,1.1,Unhealthy for Sensitive Groups
2020-07-14,2020,7,July,Summer,Tuesday,No,8.4,18.8,28.3,0.8,Moderate
2020-07-15,2020,7,July,Summer,Wednesday,No,20.4,31.5,44.4,3.5,Moderate
2020-07-16,2020,7,July,Summer,Thursday,No,15.4,25.3,34.7,2.3,Moderate
2020-07-17,2020,7,July,Summer,Friday,No,18.3,13.7,23.4,4.3,Moderate
2020-07-18,2020,7,July,Summer,Saturday,Yes,16.0,18.7,27.0,4.9,Moderate
2020-07-19,2020,7,July,Summer,Sunday,Yes,22.1,28.3,46.6,1.9,Moderate
2020-07-20,2020,7,July,Summer,Monday,No,15.2,12.9,22.5,4.7,Moderate
2020-07-21,2020,7,July,Summer,Tuesday,No,27.3,21.4,32.4,1.5,Moderate
2020-07-22,2020,7,July,Summer,Wednesday,No,22.9,29.3,41.9,2.9,Moderate
2020-07-23,2020,7,July,Summer,Thursday,No,21.7,23.9,39.6,1.4,Moderate
2020-07-24,2020,7,July,Summer,Friday,No,23.6,19.8,32.1,7.3,Moderate
2020-07-25,2020,7,July,Summer,Saturday,Yes,26.1,21.1,35.0,1.6,Moderate
2020-07-26,2020,7,July,Summer,Sunday,Yes,15.8,27.2,44.8,3.1,Moderate
2020-07-27,2020,7,July,Summer,Monday,No,16.0,10.3,15.9,5.8,Good
2020-07-28,2020,7,July,Summer,Tuesday,No,18.3,8.5,11.8,0.9,Good
2020-07-29,2020,7,July,Summer,Wednesday,No,27.6,16.0,27.8,0.8,Moderate
2020-07-30,2020,7,July,Summer,Thursday,No,20.7,28.1,43.6,0.5,Moderate
2020-07-31,2020,7,July,Summer,Friday,No,24.2,22.3,32.7,1.3,Moderate
2020-08-01,2020,8,August,Summer,Saturday,Yes,20.7,30.9,50.1,3.3,Moderate
2020-08-02,2020,8,August,Summer,Sunday,Yes,18.9,8.3,13.4,1.4,Good
2020-08-03,2020,8,August,Summer,Monday,No,17.3,31.0,45.9,4.0,Moderate
2020-08-04,2020,8,August,Summer,Tuesday,No,26.1,13.9,19.3,4.0,Moderate
2020-08-05,2020,8,August,Summer,Wednesday,No,21.8,13.9,18.8,1.1,Moderate
2020-08-06,2020,8,August,Summer,Thursday,No,23.7,11.0,19.1,2.8,Good
2020-08-07,2020,8,August,Summer,Friday,No,14.8,25.7,38.6,0.5,Moderate
2020-08-08,2020,8,August,Summer,Saturday,Yes,24.3,10.9,15.5,2.0,Good
2020-08-09,2020,8,August,Summer,Sunday,Yes,24.0,25.9,45.3,5.9,Moderate
2020-08-10,2020,8,August,Summer,Monday,No,19.6,21.1,34.2,1.1,Moderate
2020-08-11,2020,8,August,Summer,Tuesday,No,19.6,12.4,19.6,5.3,Moderate
2020-08-12,2020,8,August,Summer,Wednesday,No,22.5,40.0,63.9,2.5,Unhealthy for Sensitive Groups
2020-08-13,2020,8,August,Summer,Thursday,No,26.6,31.6,45.1,2.4,Moderate
2020-08-14,2020,8,August,Summer,Friday,No,14.4,25.9,40.6,1.1,Moderate
2020-08-15,2020,8,August,Summer,Saturday,Yes,22.7,10.4,16.1,0.9,Good
2020-08-16,2020,8,August,Summer,Sunday,Yes,21.6,28.6,42.8,3.8,Moderate
2020-08-17,2020,8,August,Summer,Monday,No,12.8,29.8,46.9,4.1,Moderate
2020-08-18,2020,8,August,Summer,Tuesday,No,17.3,17.3,28.0,5.7,Moderate
2020-08-19,2020,8,August,Summer,Wednesday,No,17.2,24.5,42.2,1.6,Moderate
2020-08-20,2020,8,August,Summer,Thursday,No,16.9,36.1,53.6,2.2,Unhealthy for Sensitive Groups
2020-08-21,2020,8,August,Summer,Friday,No,20.1,35.7,54.6,0.9,Unhealthy for Sensitive Groups
2020-08-22,2020,8,August,Summer,Saturday,Yes,11.5,27.9,45.0,0.7,Moderate
2020-08-23,2020,8,August,Summer,Sunday,Yes,16.2,31.1,53.7,3.4,Moderate
2020-08-24,2020,8,August,Summer,Monday,No,18.8,26.3,39.7,7.9,Moderate
2020-08-25,2020,8,August,Summer,Tuesday,No,17.2,13.3,21.9,9.5,Moderate
2020-08-26,2020,8,August,Summer,Wednesday,No,23.1,28.8,45.1,1.6,Moderate
2020-08-27,2020,8,August,Summer,Thursday,No,21.7,21.5,31.6,2.4,Moderate
2020-08-28,2020,8,August,Summer,Friday,No,18.0,28.1,47.2,6.6,Moderate
2020-08-29,2020,8,August,Summer,Saturday,Yes,27.4,30.1,50.1,2.9,Moderate
2020-08-30,2020,8,August,Summer,Sunday,Yes,17.9,33.5,53.0,2.1,Moderate
2020-08-31,2020,8,August,Summer,Monday,No,26.5,35.3,53.9,1.8,Moderate
2020-09-01,2020,9,September,Autumn,Tuesday,No,11.1,26.8,45.9,0.7,Moderate
2020-09-02,2020,9,September,Autumn,Wednesday,No,11.2,11.5,18.2,3.4,Good
2020-09-03,2020,9,September,Autumn,Thursday,No,14.4,37.5,60.1,3.5,Unhealthy for Sensitive Groups
2020-09-04,2020,9,September,Autumn,Friday,No,18.7,44.4,63.9,4.6,Unhealthy for Sensitive Groups
2020-09-05,2020,9,September,Autumn,Saturday,Yes,8.2,10.8,17.2,2.8,Good
2020-09-06,2020,9,September,Autumn,Sunday,Yes,19.7,26.5,37.5,1.2,Moderate
2020-09-07,2020,9,September,Autumn,Monday,No,11.4,10.1,15.2,9.0,Good
2020-09-08,2020,9,September,Autumn,Tuesday,No,13.4,10.4,14.3,7.4,Good
2020-09-09,2020,9,September,Autumn,Wednesday,No,20.9,26.3,42.3,0.7,Moderate
2020-09-10,2020,9,September,Autumn,Thursday,No,11.5,14.4,20.2,2.6,Moderate
2020-09-11,2020,9,September,Autumn,Friday,No,9.1,21.7,30.0,0.2,Moderate
2020-09-12,2020,9,September,Autumn,Saturday,Yes,18.0,22.1,34.2,1.9,Moderate
2020-09-13,2020,9,September,Autumn,Sunday,Yes,13.1,15.3,22.6,4.0,Moderate
2020-09-14,2020,9,September,Autumn,Monday,No,12.0,14.7,24.5,3.6,Moderate
2020-09-15,2020,9,September,Autumn,Tuesday,No,21.1,36.0,53.6,1.9,Unhealthy for Sensitive Groups
2020-09-16,2020,9,September,Autumn,Wednesday,No,13.5,16.3,24.6,3.2,Moderate
2020-09-17,2020,9,September,Autumn,Thursday,No,13.1,36.2,55.0,1.2,Unhealthy for Sensitive Groups
2020-09-18,2020,9,September,Autumn,Friday,No,15.1,36.2,49.7,1.3,Unhealthy for Sensitive Groups
2020-09-19,2020,9,September,Autumn,Saturday,Yes,15.0,24.6,43.0,0.2,Moderate
2020-09-20,2020,9,September,Autumn,Sunday,Yes,9.5,14.1,19.9,1.5,Moderate
2020-09-21,2020,9,September,Autumn,Monday,No,8.6,20.3,32.2,1.0,Moderate
2020-09-22,2020,9,September,Autumn,Tuesday,No,12.9,23.2,36.6,4.1,Moderate
2020-09-23,2020,9,September,Autumn,Wednesday,No,10.1,20.6,30.0,6.5,Moderate
2020-09-24,2020,9,September,Autumn,Thursday,No,18.8,31.9,50.8,0.9,Moderate
2020-09-25,2020,9,September,Autumn,Friday,No,13.2,22.5,33.0,11.2,Moderate
2020-09-26,2020,9,September,Autumn,Saturday,Yes,6.0,28.5,38.7,4.0,Moderate
2020-09-27,2020,9,September,Autumn,Sunday,Yes,13.8,22.0,34.5,1.3,Moderate
2020-09-28,2020,9,September,Autumn,Monday,No,17.2,15.5,21.1,3.0,Moderate
2020-09-29,2020,9,September,Autumn,Tuesday,No,17.6,26.4,43.6,6.0,Moderate
2020-09-30,2020,9,September,Autumn,Wednesday,No,8.3,17.9,25.6,1.2,Moderate
2020-10-01,2020,10,October,Autumn,Thursday,No,1.4,66.5,91.9,0.8,Unhealthy
2020-10-02,2020,10,October,Autumn,Friday,No,6.0,35.4,51.8,5.8,Unhealthy for Sensitive Groups
2020-10-03,2020,10,October,Autumn,Saturday,Yes,4.1,64.5,111.1,3.9,Unhealthy
2020-10-04,2020,10,October,Autumn,Sunday,Yes,14.9,52.9,85.8,1.0,Unhealthy for Sensitive Groups
2020-10-05,2020,10,October,Autumn,Monday,No,9.7,32.3,46.9,2.1,Moderate
2020-10-06,2020,10,October,Autumn,Tuesday,No,13.9,40.7,67.3,1.3,Unhealthy for Sensitive Groups
2020-10-07,2020,10,October,Autumn,Wednesday,No,10.0,39.4,67.9,2.7,Unhealthy for Sensitive Groups
2020-10-08,2020,10,October,Autumn,Thursday,No,8.5,66.3,115.1,1.0,Unhealthy
2020-10-09,2020,10,October,Autumn,Friday,No,4.6,57.4,89.1,3.2,Unhealthy
2020-10-10,2020,10,October,Autumn,Saturday,Yes,13.3,59.1,85.3,0.5,Unhealthy
2020-10-11,2020,10,October,Autumn,Sunday,Yes,3.2,64.5,106.5,4.2,Unhealthy
2020-10-12,2020,10,October,Autumn,Monday,No,4.4,77.7,116.6,1.7,Unhealthy
2020-10-13,2020,10,October,Autumn,Tuesday,No,5.0,32.2,53.9,0.9,Moderate
2020-10-14,2020,10,October,Autumn,Wednesday,No,8.8,68.2,112.9,3.5,Unhealthy
2020-10-15,2020,10,October,Autumn,Thursday,No,2.4,62.2,100.0,0.2,Unhealthy
2020-10-16,2020,10,October,Autumn,Friday,No,4.3,64.1,108.6,5.6,Unhealthy
2020-10-17,2020,10,October,Autumn,Saturday,Yes,0.7,66.3,112.3,3.2,Unhealthy
2020-10-18,2020,10,October,Autumn,Sunday,Yes,9.8,65.0,94.3,2.4,Unhealthy
2020-10-19,2020,10,October,Autumn,Monday,No,6.0,70.0,105.2,2.3,Unhealthy
2020-10-20,2020,10,October,Autumn,Tuesday,No,6.4,42.0,68.8,11.1,Unhealthy for Sensitive Groups
2020-10-21,2020,10,October,Autumn,Wednesday,No,6.8,72.2,100.5,4.5,Unhealthy
2020-10-22,2020,10,October,Autumn,Thursday,No,10.6,50.7,86.3,1.5,Unhealthy for Sensitive Groups
2020-10-23,2020,10,October,Autumn,Friday,No,7.0,78.2,114.0,6.5,Unhealthy
2020-10-24,2020,10,October,Autumn,Saturday,Yes,5.1,67.0,101.0,3.4,Unhealthy
2020-10-25,2020,10,October,Autumn,Sunday,Yes,5.9,46.5,71.0,15.5,Unhealthy for Sensitive Groups
2020-10-26,2020,10,October,Autumn,Monday,No,14.9,75.6,122.1,2.3,Unhealthy
2020-10-27,2020,10,October,Autumn,Tuesday,No,-0.8,57.6,82.3,3.6,Unhealthy
2020-10-28,2020,10,October,Autumn,Wednesday,No,10.0,54.8,85.2,1.2,Unhealthy for Sensitive Groups
2020-10-29,2020,10,October,Autumn,Thursday,No,8.9,45.4,62.3,1.8,Unhealthy for Sensitive Groups
2020-10-30,2020,10,October,Autumn,Friday,No,0.3,27.4,38.3,3.7,Moderate
2020-10-31,2020,10,October,Autumn,Saturday,Yes,7.0,49.6,69.3,0.2,Unhealthy for Sensitive Groups
2020-11-01,2020,11,November,Autumn,Sunday,Yes,-3.0,128.8,175.7,3.2,Unhealthy
2020-11-02,2020,11,November,Autumn,Monday,No,1.3,106.7,163.0,2.7,Unhealthy
2020-11-03,2020,11,November,Autumn,Tuesday,No,4.4,165.2,255.0,2.5,Very Unhealthy
2020-11-04,2020,11,November,Autumn,Wednesday,No,-7.0,138.4,241.8,1.0,Unhealthy
2020-11-05,2020,11,November,Autumn,Thursday,No,1.5,122.9,182.5,1.6,Unhealthy
2020-11-06,2020,11,November,Autumn,Friday,No,-6.8,79.1,112.7,0.4,Unhealthy
2020-11-07,2020,11,November,Autumn,Saturday,Yes,-1.8,93.3,129.9,2.3,Unhealthy
2020-11-08,2020,11,November,Autumn,Sunday,Yes,-4.3,101.7,150.3,3.5,Unhealthy
2020-11-09,2020,11,November,Autumn,Monday,No,-5.9,141.2,195.0,6.0,Unhealthy
2020-11-10,2020,11,November,Autumn,Tuesday,No,-1.4,90.9,153.8,2.5,Unhealthy
2020-11-11,2020,11,November,Autumn,Wednesday,No,-5.0,166.1,243.1,2.9,Very Unhealthy
2020-11-12,2020,11,November,Autumn,Thursday,No,-9.3,113.7,160.8,1.1,Unhealthy
2020-11-13,2020,11,November,Autumn,Friday,No,-1.7,133.0,213.9,4.4,Unhealthy
2020-11-14,2020,11,November,Autumn,Saturday,Yes,-7.1,112.8,170.9,1.8,Unhealthy
2020-11-15,2020,11,November,Autumn,Sunday,Yes,-4.2,109.7,191.2,3.1,Unhealthy
2020-11-16,2020,11,November,Autumn,Monday,No,-6.4,151.5,216.2,5.6,Very Unhealthy
2020-11-17,2020,11,November,Autumn,Tuesday,No,-1.8,119.2,177.9,0.6,Unhealthy
2020-11-18,2020,11,November,Autumn,Wednesday,No,1.2,118.1,165.7,1.5,Unhealthy
2020-11-19,2020,11,November,Autumn,Thursday,No,-6.6,158.0,236.2,4.5,Very Unhealthy
2020-11-20,2020,11,November,Autumn,Friday,No,-4.3,137.5,195.5,5.9,Unhealthy
2020-11-21,2020,11,November,Autumn,Saturday,Yes,-8.1,137.5,219.2,2.2,Unhealthy
2020-11-22,2020,11,November,Autumn,Sunday,Yes,-6.6,88.6,130.2,2.5,Unhealthy
2020-11-23,2020,11,November,Autumn,Monday,No,-4.6,110.2,187.8,7.3,Unhealthy
2020-11-24,2020,11,November,Autumn,Tuesday,No,-9.3,94.9,162.9,0.9,Unhealthy
2020-11-25,2020,11,November,Autumn,Wednesday,No,-9.6,118.9,162.9,3.0,Unhealthy
2020-11-26,2020,11,November,Autumn,Thursday,No,-9.8,147.4,253.2,1.1,Unhealthy
2020-11-27,2020,11,November,Autumn,Friday,No,-12.5,163.7,258.3,4.1,Very Unhealthy
2020-11-28,2020,11,November,Autumn,Saturday,Yes,-1.4,113.6,189.4,5.0,Unhealthy
2020-11-29,2020,11,November,Autumn,Sunday,Yes,1.9,161.3,272.3,1.6,Very Unhealthy
2020-11-30,2020,11,November,Autumn,Monday,No,-4.2,161.4,240.9,1.9,Very Unhealthy
2020-12-01,2020,12,December,Winter,Tuesday,No,-11.4,272.2,399.3,2.3,Hazardous
2020-12-02,2020,12,December,Winter,Wednesday,No,-7.0,360.3,554.9,3.7,Hazardous
2020-12-03,2020,12,December,Winter,Thursday,No,-6.3,242.3,339.1,4.3,Very Unhealthy
2020-12-04,2020,12,December,Winter,Friday,No,-18.5,305.7,502.1,6.8,Hazardous
2020-12-05,2020,12,December,Winter,Saturday,Yes,-13.5,256.3,353.0,5.0,Hazardous
2020-12-06,2020,12,December,Winter,Sunday,Yes,-15.9,249.0,422.8,4.7,Very Unhealthy
2020-12-07,2020,12,December,Winter,Monday,No,-11.6,233.5,330.7,3.2,Very Unhealthy
2020-12-08,2020,12,December,Winter,Tuesday,No,-6.4,226.6,356.6,2.1,Very Unhealthy
2020-12-09,2020,12,December,Winter,Wednesday,No,-16.6,414.9,714.5,0.4,Hazardous
2020-12-10,2020,12,December,Winter,Thursday,No,-12.9,328.8,518.1,0.3,Hazardous
2020-12-11,2020,12,December,Winter,Friday,No,-15.3,275.2,451.6,2.7,Hazardous
2020-12-12,2020,12,December,Winter,Saturday,Yes,-13.2,247.3,382.3,7.2,Very Unhealthy
2020-12-13,2020,12,December,Winter,Sunday,Yes,-12.7,186.6,265.8,2.3,Very Unhealthy
2020-12-14,2020,12,December,Winter,Monday,No,-17.0,227.7,392.4,4.3,Very Unhealthy
2020-12-15,2020,12,December,Winter,Tuesday,No,-22.0,497.2,738.1,7.2,Hazardous
2020-12-16,2020,12,December,Winter,Wednesday,No,-12.3,248.9,359.6,3.3,Very Unhealthy
2020-12-17,2020,12,December,Winter,Thursday,No,-16.7,210.4,304.2,2.5,Very Unhealthy
2020-12-18,2020,12,December,Winter,Friday,No,-19.3,224.1,326.1,2.1,Very Unhealthy
2020-12-19,2020,12,December,Winter,Saturday,Yes,-13.9,276.2,409.6,1.4,Hazardous
2020-12-20,2020,12,December,Winter,Sunday,Yes,-15.0,211.8,345.3,5.0,Very Unhealthy
2020-12-21,2020,12,December,Winter,Monday,No,-16.6,326.0,476.9,3.6,Hazardous
2020-12-22,2020,12,December,Winter,Tuesday,No,-14.6,299.5,434.2,9.7,Hazardous
2020-12-23,2020,12,December,Winter,Wednesday,No,-12.9,405.3,703.4,6.2,Hazardous
2020-12-24,2020,12,December,Winter,Thursday,No,-20.2,287.7,455.3,2.9,Hazardous
2020-12-25,2020,12,December,Winter,Friday,No,-9.9,301.4,482.1,1.8,Hazardous
2020-12-26,2020,12,December,Winter,Saturday,Yes,-16.8,312.7,445.2,5.1,Hazardous
2020-12-27,2020,12,December,Winter,Sunday,Yes,-19.9,427.5,657.2,1.8,Hazardous
2020-12-28,2020,12,December,Winter,Monday,No,-14.9,318.7,434.6,2.6,Hazardous
2020-12-29,2020,12,December,Winter,Tuesday,No,-13.4,210.2,360.6,5.4,Very Unhealthy
2020-12-30,2020,12,December,Winter,Wednesday,No,-15.3,362.1,541.5,3.4,Hazardous
2020-12-31,2020,12,December,Winter,Thursday,No,-17.3,285.5,491.6,3.8,Hazardous
2021-01-01,2021,1,January,Winter,Friday,No,-24.4,181.3,316.0,0.9,Very Unhealthy
2021-01-02,2021,1,January,Winter,Saturday,Yes,-17.2,243.6,346.5,5.4,Very Unhealthy
2021-01-03,2021,1,January,Winter,Sunday,Yes,-25.1,263.1,361.3,4.3,Hazardous
2021-01-04,2021,1,January,Winter,Monday,No,-27.1,243.5,334.3,4.9,Very Unhealthy
2021-01-05,2021,1,January,Winter,Tuesday,No,-21.2,324.9,492.0,1.4,Hazardous
2021-01-06,2021,1,January,Winter,Wednesday,No,-23.1,249.6,379.0,4.7,Very Unhealthy
2021-01-07,2021,1,January,Winter,Thursday,No,-22.0,280.5,432.0,5.3,Hazardous
2021-01-08,2021,1,January,Winter,Friday,No,-25.1,277.3,471.7,3.7,Hazardous
2021-01-09,2021,1,January,Winter,Saturday,Yes,-23.9,162.8,250.3,2.7,Very Unhealthy
2021-01-10,2021,1,January,Winter,Sunday,Yes,-25.8,193.6,321.8,0.5,Very Unhealthy
2021-01-11,2021,1,January,Winter,Monday,No,-22.6,216.0,368.6,2.4,Very Unhealthy
2021-01-12,2021,1,January,Winter,Tuesday,No,-25.9,306.6,508.9,2.3,Hazardous
2021-01-13,2021,1,January,Winter,Wednesday,No,-26.4,430.4,673.2,4.8,Hazardous
2021-01-14,2021,1,January,Winter,Thursday,No,-18.4,328.8,524.8,3.8,Hazardous
2021-01-15,2021,1,January,Winter,Friday,No,-21.0,213.0,322.1,1.3,Very Unhealthy
2021-01-16,2021,1,January,Winter,Saturday,Yes,-21.4,237.0,328.2,0.9,Very Unhealthy
2021-01-17,2021,1,January,Winter,Sunday,Yes,-18.8,481.2,832.2,2.6,Hazardous
2021-01-18,2021,1,January,Winter,Monday,No,-19.8,249.1,435.5,4.7,Very Unhealthy
2021-01-19,2021,1,January,Winter,Tuesday,No,-14.0,300.2,522.6,2.5,Hazardous
2021-01-20,2021,1,January,Winter,Wednesday,No,-17.3,226.7,395.8,8.4,Very Unhealthy
2021-01-21,2021,1,January,Winter,Thursday,No,-16.9,204.1,303.9,6.4,Very Unhealthy
2021-01-22,2021,1,January,Winter,Friday,No,-23.4,346.3,500.5,1.6,Hazardous
2021-01-23,2021,1,January,Winter,Saturday,Yes,-28.9,184.2,286.3,3.6,Very Unhealthy
2021-01-24,2021,1,January,Winter,Sunday,Yes,-22.2,351.3,556.2,2.9,Hazardous
2021-01-25,2021,1,January,Winter,Monday,No,-25.0,257.7,437.3,4.3,Hazardous
2021-01-26,2021,1,January,Winter,Tuesday,No,-23.2,300.8,439.0,3.1,Hazardous
2021-01-27,2021,1,January,Winter,Wednesday,No,-28.3,215.5,318.6,1.5,Very Unhealthy
2021-01-28,2021,1,January,Winter,Thursday,No,-25.9,260.7,377.1,2.6,Hazardous
2021-01-29,2021,1,January,Winter,Friday,No,-19.0,225.4,310.1,6.7,Very Unhealthy
2021-01-30,2021,1,January,Winter,Saturday,Yes,-19.6,486.1,682.2,2.1,Hazardous
2021-01-31,2021,1,January,Winter,Sunday,Yes,-17.2,238.5,349.6,1.3,Very Unhealthy
2021-02-01,2021,2,February,Winter,Monday,No,-16.4,272.1,473.6,1.5,Hazardous
2021-02-02,2021,2,February,Winter,Tuesday,No,-10.8,268.4,454.5,2.6,Hazardous
2021-02-03,2021,2,February,Winter,Wednesday,No,-8.1,360.6,488.2,0.4,Hazardous
2021-02-04,2021,2,February,Winter,Thursday,No,-17.4,299.3,457.5,4.7,Hazardous
2021-02-05,2021,2,February,Winter,Friday,No,-11.0,261.5,369.4,3.4,Hazardous
2021-02-06,2021,2,February,Winter,Saturday,Yes,-7.5,279.7,441.3,2.9,Hazardous
2021-02-07,2021,2,February,Winter,Sunday,Yes,-16.3,221.0,325.8,2.5,Very Unhealthy
2021-02-08,2021,2,February,Winter,Monday,No,-19.1,236.6,329.5,4.2,Very Unhealthy
2021-02-09,2021,2,February,Winter,Tuesday,No,-11.3,216.2,364.0,8.1,Very Unhealthy
2021-02-10,2021,2,February,Winter,Wednesday,No,-9.8,440.1,645.7,1.2,Hazardous
2021-02-11,2021,2,February,Winter,Thursday,No,-12.1,299.4,416.7,0.2,Hazardous
2021-02-12,2021,2,February,Winter,Friday,No,-5.5,304.8,420.7,5.3,Hazardous
2021-02-13,2021,2,February,Winter,Saturday,Yes,-15.3,233.3,371.9,3.6,Very Unhealthy
2021-02-14,2021,2,February,Winter,Sunday,Yes,-10.4,269.1,470.7,5.7,Hazardous
2021-02-15,2021,2,February,Winter,Monday,No,-12.4,187.6,307.7,3.6,Very Unhealthy
2021-02-16,2021,2,February,Winter,Tuesday,No,-9.4,198.5,296.7,2.4,Very Unhealthy
2021-02-17,2021,2,February,Winter,Wednesday,No,-15.2,224.1,344.6,2.9,Very Unhealthy
2021-02-18,2021,2,February,Winter,Thursday,No,-11.3,475.6,709.6,0.2,Hazardous
2021-02-19,2021,2,February,Winter,Friday,No,-8.7,248.4,347.8,1.9,Very Unhealthy
2021-02-20,2021,2,February,Winter,Saturday,Yes,-13.3,278.7,384.8,0.2,Hazardous
2021-02-21,2021,2,February,Winter,Sunday,Yes,-15.9,265.4,451.4,3.2,Hazardous
2021-02-22,2021,2,February,Winter,Monday,No,-20.0,212.0,290.3,4.1,Very Unhealthy
2021-02-23,2021,2,February,Winter,Tuesday,No,-21.5,437.3,692.2,1.7,Hazardous
2021-02-24,2021,2,February,Winter,Wednesday,No,-15.7,197.0,330.5,1.5,Very Unhealthy
2021-02-25,2021,2,February,Winter,Thursday,No,-9.3,333.9,534.3,6.9,Hazardous
2021-02-26,2021,2,February,Winter,Friday,No,-11.6,235.5,408.6,3.4,Very Unhealthy
2021-02-27,2021,2,February,Winter,Saturday,Yes,-12.4,312.8,510.3,3.9,Hazardous
2021-02-28,2021,2,February,Winter,Sunday,Yes,-11.9,259.9,424.9,3.1,Hazardous
2021-03-01,2021,3,March,Spring,Monday,No,-3.9,139.1,199.6,3.4,Unhealthy
2021-03-02,2021,3,March,Spring,Tuesday,No,-6.0,164.2,237.0,1.1,Very Unhealthy
2021-03-03,2021,3,March,Spring,Wednesday,No,-0.3,164.0,241.7,0.8,Very Unhealthy
2021-03-04,2021,3,March,Spring,Thursday,No,-7.6,113.2,164.2,2.1,Unhealthy
2021-03-05,2021,3,March,Spring,Friday,No,-2.2,88.7,125.7,3.1,Unhealthy
2021-03-06,2021,3,March,Spring,Saturday,Yes,-1.1,133.8,196.8,1.5,Unhealthy
2021-03-07,2021,3,March,Spring,Sunday,Yes,-7.5,84.8,141.5,1.1,Unhealthy
2021-03-08,2021,3,March,Spring,Monday,No,-2.3,86.1,119.6,1.7,Unhealthy
2021-03-09,2021,3,March,Spring,Tuesday,No,0.6,136.1,218.0,5.4,Unhealthy
2021-03-10,2021,3,March,Spring,Wednesday,No,-3.9,150.3,237.1,3.6,Unhealthy
2021-03-11,2021,3,March,Spring,Thursday,No,-7.2,175.4,244.3,1.5,Very Unhealthy
2021-03-12,2021,3,March,Spring,Friday,No,-4.6,141.2,214.9,0.4,Unhealthy
2021-03-13,2021,3,March,Spring,Saturday,Yes,-6.1,162.9,236.4,3.8,Very Unhealthy
2021-03-14,2021,3,March,Spring,Sunday,Yes,-2.1,128.2,210.0,4.6,Unhealthy
2021-03-15,2021,3,March,Spring,Monday,No,-7.6,100.5,168.8,3.3,Unhealthy
2021-03-16,2021,3,March,Spring,Tuesday,No,-8.0,147.7,205.7,1.5,Unhealthy
2021-03-17,2021,3,March,Spring,Wednesday,No,-0.3,148.0,254.0,6.5,Unhealthy
2021-03-18,2021,3,March,Spring,Thursday,No,-3.7,157.4,229.6,2.0,Very Unhealthy
2021-03-19,2021,3,March,Spring,Friday,No,-6.7,104.3,181.7,0.8,Unhealthy
2021-03-20,2021,3,March,Spring,Saturday,Yes,3.6,155.4,214.1,4.5,Very Unhealthy
2021-03-21,2021,3,March,Spring,Sunday,Yes,-2.9,145.1,224.7,2.2,Unhealthy
2021-03-22,2021,3,March,Spring,Monday,No,1.1,137.2,220.2,0.9,Unhealthy
2021-03-23,2021,3,March,Spring,Tuesday,No,-1.5,138.0,212.5,2.0,Unhealthy
2021-03-24,2021,3,March,Spring,Wednesday,No,1.4,127.5,202.9,4.8,Unhealthy
2021-03-25,2021,3,March,Spring,Thursday,No,-8.1,81.4,110.4,1.9,Unhealthy
2021-03-26,2021,3,March,Spring,Friday,No,-1.8,143.6,203.2,6.5,Unhealthy
2021-03-27,2021,3,March,Spring,Saturday,Yes,-5.8,74.0,113.4,1.9,Unhealthy
2021-03-28,2021,3,March,Spring,Sunday,Yes,-3.8,137.2,209.5,1.1,Unhealthy
2021-03-29,2021,3,March,Spring,Monday,No,-0.6,122.2,195.7,1.3,Unhealthy
2021-03-30,2021,3,March,Spring,Tuesday,No,-9.9,148.3,239.9,1.4,Unhealthy
2021-03-31,2021,3,March,Spring,Wednesday,No,-15.4,111.3,175.4,2.1,Unhealthy
2021-04-01,2021,4,April,Spring,Thursday,No,11.3,49.0,75.2,2.4,Unhealthy for Sensitive Groups
2021-04-02,2021,4,April,Spring,Friday,No,4.7,75.8,118.5,4.1,Unhealthy
2021-04-03,2021,4,April,Spring,Saturday,Yes,14.3,45.3,69.3,1.2,Unhealthy for Sensitive Groups
2021-04-04,2021,4,April,Spring,Sunday,Yes,3.4,44.1,75.9,1.5,Unhealthy for Sensitive Groups
2021-04-05,2021,4,April,Spring,Monday,No,12.4,33.5,46.7,3.6,Moderate
2021-04-06,2021,4,April,Spring,Tuesday,No,1.5,64.7,103.2,5.3,Unhealthy
2021-04-07,2021,4,April,Spring,Wednesday,No,4.8,37.6,65.6,6.6,Unhealthy for Sensitive Groups
2021-04-08,2021,4,April,Spring,Thursday,No,2.9,35.4,53.6,1.1,Unhealthy for Sensitive Groups
2021-04-09,2021,4,April,Spring,Friday,No,5.4,44.5,60.2,4.8,Unhealthy for Sensitive Groups
2021-04-10,2021,4,April,Spring,Saturday,Yes,7.8,36.0,49.2,5.9,Unhealthy for Sensitive Groups
2021-04-11,2021,4,April,Spring,Sunday,Yes,1.7,55.2,92.4,3.8,Unhealthy for Sensitive Groups
2021-04-12,2021,4,April,Spring,Monday,No,5.2,68.7,117.7,2.4,Unhealthy
2021-04-13,2021,4,April,Spring,Tuesday,No,3.3,68.4,115.6,2.7,Unhealthy
2021-04-14,2021,4,April,Spring,Wednesday,No,5.6,41.5,66.7,5.6,Unhealthy for Sensitive Groups
2021-04-15,2021,4,April,Spring,Thursday,No,8.6,59.4,99.7,2.6,Unhealthy
2021-04-16,2021,4,April,Spring,Friday,No,4.5,52.0,80.7,1.7,Unhealthy for Sensitive Groups
2021-04-17,2021,4,April,Spring,Saturday,Yes,1.0,56.7,80.5,3.1,Unhealthy
2021-04-18,2021,4,April,Spring,Sunday,Yes,9.5,66.7,106.8,2.6,Unhealthy
2021-04-19,2021,4,April,Spring,Monday,No,7.8,76.3,118.3,7.1,Unhealthy
2021-04-20,2021,4,April,Spring,Tuesday,No,4.6,49.6,75.3,2.7,Unhealthy for Sensitive Groups
2021-04-21,2021,4,April,Spring,Wednesday,No,4.8,66.3,92.9,1.6,Unhealthy
2021-04-22,2021,4,April,Spring,Thursday,No,6.9,42.1,67.6,4.2,Unhealthy for Sensitive Groups
2021-04-23,2021,4,April,Spring,Friday,No,8.4,34.8,59.0,1.0,Moderate
2021-04-24,2021,4,April,Spring,Saturday,Yes,6.7,37.5,52.2,4.4,Unhealthy for Sensitive Groups
2021-04-25,2021,4,April,Spring,Sunday,Yes,8.3,51.8,78.1,2.5,Unhealthy for Sensitive Groups
2021-04-26,2021,4,April,Spring,Monday,No,10.5,51.8,78.3,3.1,Unhealthy for Sensitive Groups
2021-04-27,2021,4,April,Spring,Tuesday,No,16.7,38.0,63.4,0.2,Unhealthy for Sensitive Groups
2021-04-28,2021,4,April,Spring,Wednesday,No,5.0,38.6,54.7,3.0,Unhealthy for Sensitive Groups
2021-04-29,2021,4,April,Spring,Thursday,No,7.7,45.2,67.5,3.6,Unhealthy for Sensitive Groups
2021-04-30,2021,4,April,Spring,Friday,No,5.5,39.1,64.7,0.5,Unhealthy for Sensitive Groups
2021-05-01,2021,5,May,Spring,Saturday,Yes,19.1,16.7,26.3,4.0,Moderate
2021-05-02,2021,5,May,Spring,Sunday,Yes,10.1,31.2,46.5,2.1,Moderate
2021-05-03,2021,5,May,Spring,Monday,No,15.9,12.5,17.8,1.2,Moderate
2021-05-04,2021,5,May,Spring,Tuesday,No,13.3,35.5,61.0,3.0,Unhealthy for Sensitive Groups
2021-05-05,2021,5,May,Spring,Wednesday,No,17.0,25.4,44.3,4.6,Moderate
2021-05-06,2021,5,May,Spring,Thursday,No,8.6,13.1,20.4,3.9,Moderate
2021-05-07,2021,5,May,Spring,Friday,No,11.5,18.6,30.7,1.2,Moderate
2021-05-08,2021,5,May,Spring,Saturday,Yes,13.6,11.8,18.9,2.2,Good
2021-05-09,2021,5,May,Spring,Sunday,Yes,4.6,10.9,18.5,1.6,Good
2021-05-10,2021,5,May,Spring,Monday,No,15.3,23.9,37.8,2.8,Moderate
2021-05-11,2021,5,May,Spring,Tuesday,No,16.8,14.1,23.8,1.7,Moderate
2021-05-12,2021,5,May,Spring,Wednesday,No,10.0,19.6,29.7,2.8,Moderate
2021-05-13,2021,5,May,Spring,Thursday,No,11.3,40.7,64.1,6.2,Unhealthy for Sensitive Groups
2021-05-14,2021,5,May,Spring,Friday,No,10.9,23.8,34.1,1.4,Moderate
2021-05-15,2021,5,May,Spring,Saturday,Yes,17.2,13.3,22.1,6.2,Moderate
2021-05-16,2021,5,May,Spring,Sunday,Yes,9.9,15.4,26.0,1.3,Moderate
2021-05-17,2021,5,May,Spring,Monday,No,19.8,25.6,38.7,0.8,Moderate
2021-05-18,2021,5,May,Spring,Tuesday,No,9.1,20.5,30.6,4.0,Moderate
2021-05-19,2021,5,May,Spring,Wednesday,No,15.8,17.9,29.9,1.8,Moderate
2021-05-20,2021,5,May,Spring,Thursday,No,11.4,11.1,17.8,1.6,Good
2021-05-21,2021,5,May,Spring,Friday,No,18.6,31.2,46.8,2.9,Moderate
2021-05-22,2021,5,May,Spring,Saturday,Yes,18.7,34.0,58.1,7.3,Moderate
2021-05-23,2021,5,May,Spring,Sunday,Yes,14.6,25.0,41.0,1.6,Moderate
2021-05-24,2021,5,May,Spring,Monday,No,8.2,18.5,25.1,5.3,Moderate
2021-05-25,2021,5,May,Spring,Tuesday,No,4.6,26.8,37.5,3.7,Moderate
2021-05-26,2021,5,May,Spring,Wednesday,No,13.4,40.3,56.0,4.9,Unhealthy for Sensitive Groups
2021-05-27,2021,5,May,Spring,Thursday,No,7.7,35.4,56.2,1.3,Unhealthy for Sensitive Groups
2021-05-28,2021,5,May,Spring,Friday,No,10.4,29.3,41.8,3.0,Moderate
2021-05-29,2021,5,May,Spring,Saturday,Yes,18.4,27.6,46.8,0.7,Moderate
2021-05-30,2021,5,May,Spring,Sunday,Yes,13.1,12.7,19.1,2.3,Moderate
2021-05-31,2021,5,May,Spring,Monday,No,14.6,32.1,52.6,2.1,Moderate
2021-06-01,2021,6,June,Summer,Tuesday,No,17.1,25.5,42.4,1.0,Moderate
2021-06-02,2021,6,June,Summer,Wednesday,No,9.9,21.7,32.4,2.7,Moderate
2021-06-03,2021,6,June,Summer,Thursday,No,13.5,18.3,31.5,3.8,Moderate
2021-06-04,2021,6,June,Summer,Friday,No,24.8,10.3,16.2,10.6,Good
2021-06-05,2021,6,June,Summer,Saturday,Yes,17.8,21.5,29.5,4.1,Moderate
2021-06-06,2021,6,June,Summer,Sunday,Yes,30.7,26.7,41.0,1.7,Moderate
2021-06-07,2021,6,June,Summer,Monday,No,21.2,24.7,41.5,1.3,Moderate
2021-06-08,2021,6,June,Summer,Tuesday,No,17.7,41.3,55.9,4.2,Unhealthy for Sensitive Groups
2021-06-09,2021,6,June,Summer,Wednesday,No,18.6,33.6,58.4,8.9,Moderate
2021-06-10,2021,6,June,Summer,Thursday,No,18.1,15.1,23.2,10.0,Moderate
2021-06-11,2021,6,June,Summer,Friday,No,13.4,15.3,24.7,2.5,Moderate
2021-06-12,2021,6,June,Summer,Saturday,Yes,21.2,34.8,59.4,4.2,Moderate
2021-06-13,2021,6,June,Summer,Sunday,Yes,27.9,17.5,27.5,1.4,Moderate
2021-06-14,2021,6,June,Summer,Monday,No,20.3,10.2,15.5,4.5,Good
2021-06-15,2021,6,June,Summer,Tuesday,No,22.6,14.2,21.7,2.5,Moderate
2021-06-16,2021,6,June,Summer,Wednesday,No,21.2,15.4,26.2,0.8,Moderate
2021-06-17,2021,6,June,Summer,Thursday,No,13.8,35.2,59.6,1.8,Moderate
2021-06-18,2021,6,June,Summer,Friday,No,16.9,17.9,30.7,2.6,Moderate
2021-06-19,2021,6,June,Summer,Saturday,Yes,24.7,18.6,32.2,2.1,Moderate
2021-06-20,2021,6,June,Summer,Sunday,Yes,20.7,23.7,40.9,2.6,Moderate
2021-06-21,2021,6,June,Summer,Monday,No,22.4,23.0,32.2,2.8,Moderate
2021-06-22,2021,6,June,Summer,Tuesday,No,22.1,43.1,66.5,2.7,Unhealthy for Sensitive Groups
2021-06-23,2021,6,June,Summer,Wednesday,No,15.4,31.7,54.3,1.4,Moderate
2021-06-24,2021,6,June,Summer,Thursday,No,12.7,11.9,17.7,4.6,Good
2021-06-25,2021,6,June,Summer,Friday,No,13.8,15.7,27.1,2.6,Moderate
2021-06-26,2021,6,June,Summer,Saturday,Yes,22.4,26.2,45.5,3.4,Moderate
2021-06-27,2021,6,June,Summer,Sunday,Yes,19.1,10.6,16.8,2.7,Good
2021-06-28,2021,6,June,Summer,Monday,No,18.1,31.8,47.8,7.3,Moderate
2021-06-29,2021,6,June,Summer,Tuesday,No,15.9,15.7,27.3,1.7,Moderate
2021-06-30,2021,6,June,Summer,Wednesday,No,17.3,15.4,25.6,2.0,Moderate
2021-07-01,2021,7,July,Summer,Thursday,No,19.9,32.2,54.5,2.7,Moderate
2021-07-02,2021,7,July,Summer,Friday,No,21.6,24.3,35.1,3.5,Moderate
2021-07-03,2021,7,July,Summer,Saturday,Yes,22.9,11.9,19.8,1.4,Good
2021-07-04,2021,7,July,Summer,Sunday,Yes,24.1,22.0,37.6,2.3,Moderate
2021-07-05,2021,7,July,Summer,Monday,No,19.2,40.3,57.4,1.2,Unhealthy for Sensitive Groups
2021-07-06,2021,7,July,Summer,Tuesday,No,16.5,24.9,38.6,2.2,Moderate
2021-07-07,2021,7,July,Summer,Wednesday,No,15.5,23.7,39.2,2.5,Moderate
2021-07-08,2021,7,July,Summer,Thursday,No,18.0,30.0,52.0,1.3,Moderate
2021-07-09,2021,7,July,Summer,Friday,No,15.5,24.6,40.1,1.0,Moderate
2021-07-10,2021,7,July,Summer,Saturday,Yes,14.8,19.6,26.5,2.9,Moderate
2021-07-11,2021,7,July,Summer,Sunday,Yes,18.2,16.8,28.6,1.9,Moderate
2021-07-12,2021,7,July,Summer,Monday,No,20.9,19.7,28.1,2.4,Moderate
2021-07-13,2021,7,July,Summer,Tuesday,No,12.6,19.3,32.7,1.2,Moderate
2021-07-14,2021,7,July,Summer,Wednesday,No,23.7,16.5,25.8,4.3,Moderate
2021-07-15,2021,7,July,Summer,Thursday,No,24.6,22.9,32.0,2.7,Moderate
2021-07-16,2021,7,July,Summer,Friday,No,15.7,18.4,26.7,3.6,Moderate
2021-07-17,2021,7,July,Summer,Saturday,Yes,21.2,13.1,19.6,7.8,Moderate
2021-07-18,2021,7,July,Summer,Sunday,Yes,20.1,23.4,39.2,0.9,Moderate
2021-07-19,2021,7,July,Summer,Monday,No,22.4,26.7,43.5,1.0,Moderate
2021-07-20,2021,7,July,Summer,Tuesday,No,19.0,21.3,36.5,5.6,Moderate
2021-07-21,2021,7,July,Summer,Wednesday,No,19.6,28.4,47.4,4.9,Moderate
2021-07-22,2021,7,July,Summer,Thursday,No,19.9,22.1,30.6,3.4,Moderate
2021-07-23,2021,7,July,Summer,Friday,No,16.1,15.3,23.2,1.2,Moderate
2021-07-24,2021,7,July,Summer,Saturday,Yes,15.5,14.1,21.0,8.8,Moderate
2021-07-25,2021,7,July,Summer,Sunday,Yes,21.1,17.6,29.0,5.3,Moderate
2021-07-26,2021,7,July,Summer,Monday,No,17.8,9.9,15.6,4.2,Good
2021-07-27,2021,7,July,Summer,Tuesday,No,15.2,35.3,52.0,0.6,Moderate
2021-07-28,2021,7,July,Summer,Wednesday,No,14.9,10.7,17.3,4.0,Good
2021-07-29,2021,7,July,Summer,Thursday,No,26.5,28.7,42.8,1.5,Moderate
2021-07-30,2021,7,July,Summer,Friday,No,23.6,26.5,40.6,1.1,Moderate
2021-07-31,2021,7,July,Summer,Saturday,Yes,20.3,27.1,46.4,2.1,Moderate
2021-08-01,2021,8,August,Summer,Sunday,Yes,17.0,29.1,40.3,5.2,Moderate
2021-08-02,2021,8,August,Summer,Monday,No,15.3,28.4,39.2,2.0,Moderate
2021-08-03,2021,8,August,Summer,Tuesday,No,23.2,11.2,19.4,2.0,Good
2021-08-04,2021,8,August,Summer,Wednesday,No,12.2,34.7,51.6,3.0,Moderate
2021-08-05,2021,8,August,Summer,Thursday,No,13.5,10.2,15.7,2.9,Good
2021-08-06,2021,8,August,Summer,Friday,No,16.2,37.6,56.9,3.5,Unhealthy for Sensitive Groups
2021-08-07,2021,8,August,Summer,Saturday,Yes,11.3,11.0,19.2,5.6,Good
2021-08-08,2021,8,August,Summer,Sunday,Yes,15.2,12.3,18.0,1.9,Moderate
2021-08-09,2021,8,August,Summer,Monday,No,21.4,30.7,46.7,3.4,Moderate
2021-08-10,2021,8,August,Summer,Tuesday,No,17.0,41.8,57.3,2.0,Unhealthy for Sensitive Groups
2021-08-11,2021,8,August,Summer,Wednesday,No,9.5,19.0,32.8,3.3,Moderate
2021-08-12,2021,8,August,Summer,Thursday,No,19.0,35.3,51.9,0.5,Moderate
2021-08-13,2021,8,August,Summer,Friday,No,14.7,17.2,23.9,2.7,Moderate
2021-08-14,2021,8,August,Summer,Saturday,Yes,17.5,17.3,28.9,1.7,Moderate
2021-08-15,2021,8,August,Summer,Sunday,Yes,24.6,15.2,22.0,2.4,Moderate
2021-08-16,2021,8,August,Summer,Monday,No,20.0,24.1,37.6,3.9,Moderate
2021-08-17,2021,8,August,Summer,Tuesday,No,16.1,14.1,24.3,7.4,Moderate
2021-08-18,2021,8,August,Summer,Wednesday,No,21.7,34.6,48.9,6.1,Moderate
2021-08-19,2021,8,August,Summer,Thursday,No,12.2,32.4,51.5,0.2,Moderate
2021-08-20,2021,8,August,Summer,Friday,No,18.7,10.0,14.8,0.6,Good
2021-08-21,2021,8,August,Summer,Saturday,Yes,21.5,21.1,31.8,3.2,Moderate
2021-08-22,2021,8,August,Summer,Sunday,Yes,20.4,21.6,29.9,0.6,Moderate
2021-08-23,2021,8,August,Summer,Monday,No,22.9,20.5,34.0,1.6,Moderate
2021-08-24,2021,8,August,Summer,Tuesday,No,15.5,19.2,29.5,1.6,Moderate
2021-08-25,2021,8,August,Summer,Wednesday,No,13.6,25.3,43.6,2.3,Moderate
2021-08-26,2021,8,August,Summer,Thursday,No,22.1,31.8,43.0,1.3,Moderate
2021-08-27,2021,8,August,Summer,Friday,No,11.2,15.0,21.8,1.9,Moderate
2021-08-28,2021,8,August,Summer,Saturday,Yes,21.0,28.9,44.6,3.2,Moderate
2021-08-29,2021,8,August,Summer,Sunday,Yes,18.0,13.1,19.7,1.6,Moderate
2021-08-30,2021,8,August,Summer,Monday,No,12.9,40.4,55.3,3.2,Unhealthy for Sensitive Groups
2021-08-31,2021,8,August,Summer,Tuesday,No,12.7,11.8,19.2,0.9,Good
2021-09-01,2021,9,September,Autumn,Wednesday,No,10.8,20.7,29.0,2.4,Moderate
2021-09-02,2021,9,September,Autumn,Thursday,No,16.0,25.9,43.4,2.5,Moderate
2021-09-03,2021,9,September,Autumn,Friday,No,12.0,25.4,42.0,1.8,Moderate
2021-09-04,2021,9,September,Autumn,Saturday,Yes,11.3,8.9,13.6,7.2,Good
2021-09-05,2021,9,September,Autumn,Sunday,Yes,11.4,24.4,39.6,2.7,Moderate
2021-09-06,2021,9,September,Autumn,Monday,No,13.5,20.7,30.4,3.4,Moderate
2021-09-07,2021,9,September,Autumn,Tuesday,No,11.7,30.0,46.1,3.4,Moderate
2021-09-08,2021,9,September,Autumn,Wednesday,No,8.2,17.2,28.4,7.1,Moderate
2021-09-09,2021,9,September,Autumn,Thursday,No,14.0,31.5,53.0,1.7,Moderate
2021-09-10,2021,9,September,Autumn,Friday,No,16.7,22.0,37.9,2.2,Moderate
2021-09-11,2021,9,September,Autumn,Saturday,Yes,15.9,17.8,28.5,3.6,Moderate
2021-09-12,2021,9,September,Autumn,Sunday,Yes,15.8,17.1,24.8,1.4,Moderate
2021-09-13,2021,9,September,Autumn,Monday,No,9.9,22.2,37.7,2.2,Moderate
2021-09-14,2021,9,September,Autumn,Tuesday,No,12.9,33.3,57.7,2.9,Moderate
2021-09-15,2021,9,September,Autumn,Wednesday,No,12.7,12.5,21.8,1.0,Moderate
2021-09-16,2021,9,September,Autumn,Thursday,No,11.9,19.6,30.0,7.3,Moderate
2021-09-17,2021,9,September,Autumn,Friday,No,11.9,21.1,34.1,1.7,Moderate
2021-09-18,2021,9,September,Autumn,Saturday,Yes,18.7,12.3,20.2,4.0,Moderate
2021-09-19,2021,9,September,Autumn,Sunday,Yes,13.1,27.5,42.9,2.4,Moderate
2021-09-20,2021,9,September,Autumn,Monday,No,16.4,12.0,20.5,4.2,Moderate
2021-09-21,2021,9,September,Autumn,Tuesday,No,13.5,29.7,49.3,3.1,Moderate
2021-09-22,2021,9,September,Autumn,Wednesday,No,9.3,22.5,33.7,1.8,Moderate
2021-09-23,2021,9,September,Autumn,Thursday,No,10.7,23.7,33.7,8.3,Moderate
2021-09-24,2021,9,September,Autumn,Friday,No,17.4,32.7,49.8,1.3,Moderate
2021-09-25,2021,9,September,Autumn,Saturday,Yes,18.1,18.5,25.6,1.3,Moderate
2021-09-26,2021,9,September,Autumn,Sunday,Yes,14.9,24.5,33.2,2.0,Moderate
2021-09-27,2021,9,September,Autumn,Monday,No,13.8,17.2,23.7,2.1,Moderate
2021-09-28,2021,9,September,Autumn,Tuesday,No,17.2,31.4,48.9,1.8,Moderate
2021-09-29,2021,9,September,Autumn,Wednesday,No,16.0,39.5,55.3,5.1,Unhealthy for Sensitive Groups
2021-09-30,2021,9,September,Autumn,Thursday,No,13.7,22.4,33.1,1.9,Moderate
2021-10-01,2021,10,October,Autumn,Friday,No,4.4,50.7,71.7,7.5,Unhealthy for Sensitive Groups
2021-10-02,2021,10,October,Autumn,Saturday,Yes,5.3,52.3,90.4,3.3,Unhealthy for Sensitive Groups
2021-10-03,2021,10,October,Autumn,Sunday,Yes,2.7,74.7,122.4,1.3,Unhealthy
2021-10-04,2021,10,October,Autumn,Monday,No,8.5,55.1,95.6,3.0,Unhealthy for Sensitive Groups
2021-10-05,2021,10,October,Autumn,Tuesday,No,8.9,49.7,76.3,4.3,Unhealthy for Sensitive Groups
2021-10-06,2021,10,October,Autumn,Wednesday,No,-1.3,52.5,85.8,4.8,Unhealthy for Sensitive Groups
2021-10-07,2021,10,October,Autumn,Thursday,No,5.2,43.7,63.2,5.0,Unhealthy for Sensitive Groups
2021-10-08,2021,10,October,Autumn,Friday,No,5.5,62.5,109.2,1.1,Unhealthy
2021-10-09,2021,10,October,Autumn,Saturday,Yes,5.7,33.5,50.7,4.1,Moderate
2021-10-10,2021,10,October,Autumn,Sunday,Yes,8.6,59.8,92.7,6.1,Unhealthy
2021-10-11,2021,10,October,Autumn,Monday,No,3.1,63.0,89.5,2.9,Unhealthy
2021-10-12,2021,10,October,Autumn,Tuesday,No,11.1,58.7,91.4,1.9,Unhealthy
2021-10-13,2021,10,October,Autumn,Wednesday,No,3.5,40.3,67.2,0.8,Unhealthy for Sensitive Groups
2021-10-14,2021,10,October,Autumn,Thursday,No,5.0,52.9,83.4,1.0,Unhealthy for Sensitive Groups
2021-10-15,2021,10,October,Autumn,Friday,No,4.1,65.4,113.7,2.3,Unhealthy
2021-10-16,2021,10,October,Autumn,Saturday,Yes,8.2,47.7,70.9,1.5,Unhealthy for Sensitive Groups
2021-10-17,2021,10,October,Autumn,Sunday,Yes,9.6,58.9,89.7,2.7,Unhealthy
2021-10-18,2021,10,October,Autumn,Monday,No,1.6,32.2,45.6,3.4,Moderate
2021-10-19,2021,10,October,Autumn,Tuesday,No,7.5,41.9,65.8,1.8,Unhealthy for Sensitive Groups
2021-10-20,2021,10,October,Autumn,Wednesday,No,12.6,35.4,54.7,0.8,Unhealthy for Sensitive Groups
2021-10-21,2021,10,October,Autumn,Thursday,No,6.3,57.5,78.2,5.0,Unhealthy
2021-10-22,2021,10,October,Autumn,Friday,No,4.9,33.8,53.3,6.4,Moderate
2021-10-23,2021,10,October,Autumn,Saturday,Yes,7.1,33.9,52.6,3.3,Moderate
2021-10-24,2021,10,October,Autumn,Sunday,Yes,4.2,32.7,50.6,2.4,Moderate
2021-10-25,2021,10,October,Autumn,Monday,No,0.8,56.7,82.8,1.0,Unhealthy
2021-10-26,2021,10,October,Autumn,Tuesday,No,3.6,69.0,94.0,2.6,Unhealthy
2021-10-27,2021,10,October,Autumn,Wednesday,No,7.8,45.1,68.9,1.9,Unhealthy for Sensitive Groups
2021-10-28,2021,10,October,Autumn,Thursday,No,6.5,43.8,71.4,4.1,Unhealthy for Sensitive Groups
2021-10-29,2021,10,October,Autumn,Friday,No,2.4,56.5,97.6,1.9,Unhealthy
2021-10-30,2021,10,October,Autumn,Saturday,Yes,0.8,28.0,40.8,3.5,Moderate
2021-10-31,2021,10,October,Autumn,Sunday,Yes,14.1,45.0,70.0,8.5,Unhealthy for Sensitive Groups
2021-11-01,2021,11,November,Autumn,Monday,No,-10.2,112.0,193.3,2.0,Unhealthy
2021-11-02,2021,11,November,Autumn,Tuesday,No,-4.1,130.1,226.9,1.4,Unhealthy
2021-11-03,2021,11,November,Autumn,Wednesday,No,-2.5,137.3,210.3,5.5,Unhealthy
2021-11-04,2021,11,November,Autumn,Thursday,No,-3.2,132.7,189.2,2.1,Unhealthy
2021-11-05,2021,11,November,Autumn,Friday,No,0.7,93.3,148.5,0.2,Unhealthy
2021-11-06,2021,11,November,Autumn,Saturday,Yes,-1.0,72.9,127.2,2.0,Unhealthy
2021-11-07,2021,11,November,Autumn,Sunday,Yes,-8.2,89.4,155.6,1.5,Unhealthy
2021-11-08,2021,11,November,Autumn,Monday,No,-10.4,77.7,113.5,6.2,Unhealthy
2021-11-09,2021,11,November,Autumn,Tuesday,No,-8.1,85.8,139.5,0.3,Unhealthy
2021-11-10,2021,11,November,Autumn,Wednesday,No,2.1,97.3,147.9,0.8,Unhealthy
2021-11-11,2021,11,November,Autumn,Thursday,No,-0.8,114.3,179.1,1.1,Unhealthy
2021-11-12,2021,11,November,Autumn,Friday,No,-6.0,147.7,222.5,1.0,Unhealthy
2021-11-13,2021,11,November,Autumn,Saturday,Yes,-12.6,78.7,116.0,5.8,Unhealthy
2021-11-14,2021,11,November,Autumn,Sunday,Yes,1.2,109.6,149.0,1.5,Unhealthy
2021-11-15,2021,11,November,Autumn,Monday,No,-6.3,94.8,132.8,1.5,Unhealthy
2021-11-16,2021,11,November,Autumn,Tuesday,No,-2.9,148.0,232.8,1.0,Unhealthy
2021-11-17,2021,11,November,Autumn,Wednesday,No,-7.0,127.5,194.4,4.0,Unhealthy
2021-11-18,2021,11,November,Autumn,Thursday,No,-9.7,147.5,212.4,7.3,Unhealthy
2021-11-19,2021,11,November,Autumn,Friday,No,-12.8,154.9,231.9,0.7,Very Unhealthy
2021-11-20,2021,11,November,Autumn,Saturday,Yes,-9.8,115.6,193.9,5.2,Unhealthy
2021-11-21,2021,11,November,Autumn,Sunday,Yes,-3.6,118.7,183.9,2.2,Unhealthy
2021-11-22,2021,11,November,Autumn,Monday,No,0.5,86.0,130.0,3.6,Unhealthy
2021-11-23,2021,11,November,Autumn,Tuesday,No,-4.1,146.7,217.8,1.1,Unhealthy
2021-11-24,2021,11,November,Autumn,Wednesday,No,-1.1,113.9,191.7,4.0,Unhealthy
2021-11-25,2021,11,November,Autumn,Thursday,No,-3.4,110.4,186.0,2.8,Unhealthy
2021-11-26,2021,11,November,Autumn,Friday,No,1.0,104.2,150.6,2.7,Unhealthy
2021-11-27,2021,11,November,Autumn,Saturday,Yes,-13.0,153.0,242.4,0.5,Very Unhealthy
2021-11-28,2021,11,November,Autumn,Sunday,Yes,-9.0,85.6,119.6,2.5,Unhealthy
2021-11-29,2021,11,November,Autumn,Monday,No,-9.9,132.9,200.9,5.5,Unhealthy
2021-11-30,2021,11,November,Autumn,Tuesday,No,-3.2,90.1,123.3,1.4,Unhealthy
2021-12-01,2021,12,December,Winter,Wednesday,No,-10.5,346.0,531.4,1.0,Hazardous
2021-12-02,2021,12,December,Winter,Thursday,No,-19.1,266.3,445.9,4.5,Hazardous
2021-12-03,2021,12,December,Winter,Friday,No,-8.8,304.0,476.3,1.8,Hazardous
2021-12-04,2021,12,December,Winter,Saturday,Yes,-12.5,270.7,441.8,1.0,Hazardous
2021-12-05,2021,12,December,Winter,Sunday,Yes,-7.2,188.6,309.7,7.7,Very Unhealthy
2021-12-06,2021,12,December,Winter,Monday,No,-11.7,639.1,916.3,4.8,Hazardous
2021-12-07,2021,12,December,Winter,Tuesday,No,-18.6,309.2,440.7,0.8,Hazardous
2021-12-08,2021,12,December,Winter,Wednesday,No,-18.2,226.4,387.3,0.6,Very Unhealthy
2021-12-09,2021,12,December,Winter,Thursday,No,-16.0,238.5,404.1,3.5,Very Unhealthy
2021-12-10,2021,12,December,Winter,Friday,No,-11.8,253.2,431.9,4.7,Hazardous
2021-12-11,2021,12,December,Winter,Saturday,Yes,-14.2,255.8,378.7,2.7,Hazardous
2021-12-12,2021,12,December,Winter,Sunday,Yes,-21.6,242.2,342.9,2.8,Very Unhealthy
2021-12-13,2021,12,December,Winter,Monday,No,-5.9,255.2,417.6,4.4,Hazardous
2021-12-14,2021,12,December,Winter,Tuesday,No,-4.9,186.9,310.5,0.2,Very Unhealthy
2021-12-15,2021,12,December,Winter,Wednesday,No,-13.7,285.1,472.7,4.5,Hazardous
2021-12-16,2021,12,December,Winter,Thursday,No,-13.4,295.0,486.7,10.2,Hazardous
2021-12-17,2021,12,December,Winter,Friday,No,-11.3,188.2,277.1,5.3,Very Unhealthy
2021-12-18,2021,12,December,Winter,Saturday,Yes,-11.4,295.3,447.6,0.9,Hazardous
2021-12-19,2021,12,December,Winter,Sunday,Yes,-8.5,308.8,423.0,6.1,Hazardous
2021-12-20,2021,12,December,Winter,Monday,No,-7.5,283.0,385.8,0.7,Hazardous
2021-12-21,2021,12,December,Winter,Tuesday,No,-16.3,202.3,317.9,2.4,Very Unhealthy
2021-12-22,2021,12,December,Winter,Wednesday,No,-14.4,318.4,497.0,4.1,Hazardous
2021-12-23,2021,12,December,Winter,Thursday,No,-12.8,495.8,729.1,1.3,Hazardous
2021-12-24,2021,12,December,Winter,Friday,No,-18.4,319.0,515.2,3.6,Hazardous
2021-12-25,2021,12,December,Winter,Saturday,Yes,-17.2,235.0,400.1,4.6,Very Unhealthy
2021-12-26,2021,12,December,Winter,Sunday,Yes,-11.9,177.3,289.9,5.5,Very Unhealthy
2021-12-27,2021,12,December,Winter,Monday,No,-7.7,475.5,689.3,2.6,Hazardous
2021-12-28,2021,12,December,Winter,Tuesday,No,-9.3,320.8,491.5,2.2,Hazardous
2021-12-29,2021,12,December,Winter,Wednesday,No,-8.4,262.1,422.2,1.3,Hazardous
2021-12-30,2021,12,December,Winter,Thursday,No,-17.2,194.7,271.2,1.9,Very Unhealthy
2021-12-31,2021,12,December,Winter,Friday,No,-15.5,199.2,273.4,2.2,Very Unhealthy
